Unit_Cell_Volume_Å3,Test_Temperature_K,Initial_Hydrogen_Pressure_MPa,Hydrogen_Absorption_Cycles,Element_at_pct_Al,Element_at_pct_Ce,Element_at_pct_Co,Element_at_pct_Cr,Element_at_pct_Cu,Element_at_pct_Fe,Element_at_pct_Mn,Element_at_pct_Mo,Element_at_pct_Nb,Element_at_pct_Ni,Element_at_pct_Ta,Element_at_pct_Ti,Element_at_pct_V,Element_at_pct_Y,Element_at_pct_Zr,Additive_Al,Additive_Ce,Additive_Cr,Additive_Cu,Additive_Mn,Additive_Mo,Additive_Ni,Additive_Ta,Additive_Zr,Second_Phase_C14_Laves,Second_Phase_Ce_Phase,Second_Phase_Ni,Second_Phase_TiFe2,Second_Phase_TiMn2,Second_Phase_Ti2Fe,Second_Phase_Ti4_FeCu_2Ox,Second_Phase_Ti4Fe,Second_Phase_Ti4Fe2O,Second_Phase_Y,Second_Phase_ZrMn2,Second_Phase_FeCr,Second_Phase_Alpha_Ti,Second_Phase_Beta_Ti,Max_H2_Uptake_wt_pct
26.35,298,7.0,4,0.0,0.0,0.0,0.0,0.0,50.0,0.0,0.0,0.0,0.0,0.0,50.0,0.0,0.0,0.0,0,0,0,0,0,0,0,0,0,0,0,0,0,0,0,0,0,0,0,0,0,0,0,1.75
26.48,298,15.0,2,0.0,0.0,0.0,0.0,0.0,33.33333333333333,0.0,0.0,0.0,0.0,0.0,33.33333333333333,33.33333333333333,0.0,0.0,0,0,0,0,0,0,0,0,0,0,0,0,0,0,0,0,0,0,0,0,0,0,0,1.74
26.62,298,15.0,2,0.0,0.0,0.0,0.0,0.0,33.33333333333333,0.0,0.0,0.0,0.0,0.0,33.33333333333333,33.33333333333333,0.0,0.0,0,0,0,0,0,0,0,0,0,0,0,0,0,0,0,0,0,0,0,0,0,0,0,1.76
26.83,298,15.0,1,0.0,0.0,0.0,0.0,0.0,33.33333333333333,0.0,0.0,0.0,0.0,0.0,33.33333333333333,0.0,0.0,33.33333333333333,0,0,0,0,0,0,0,0,0,0,0,0,0,0,0,0,0,0,0,0,0,0,0,1.71
26.35,298,5.0,5,0.0,0.0,0.0,0.0,0.0,50.0,0.0,0.0,0.0,0.0,0.0,50.0,0.0,0.0,0.0,0,0,0,0,0,0,0,0,0,0,0,0,0,0,0,0,0,0,0,0,0,0,0,1.69
26.52,298,2.5,5,0.0,0.0,0.0,0.0,0.0,50.0,0.0,0.0,0.0,0.0,0.0,50.0,0.0,0.0,0.0,0,0,0,0,0,0,0,0,0,0,0,0,0,0,0,0,0,1,0,0,0,0,1,1.66
26.35,298,5.0,5,0.0,0.0,0.0,0.0,0.0,33.33333333333333,33.33333333333333,0.0,0.0,0.0,0.0,33.33333333333333,0.0,0.0,0.0,0,0,0,0,0,0,0,0,0,0,0,0,1,0,0,0,0,0,0,0,0,0,0,1.55
26.38,298,5.0,5,0.0,0.0,0.0,0.0,0.0,33.33333333333333,33.33333333333333,0.0,0.0,0.0,0.0,33.33333333333333,0.0,0.0,0.0,0,0,0,0,0,0,0,0,0,0,0,0,0,0,0,0,0,0,0,0,0,0,0,1.73
26.55,298,5.0,5,0.0,0.0,0.0,0.0,0.0,33.33333333333333,33.33333333333333,0.0,0.0,0.0,0.0,33.33333333333333,0.0,0.0,0.0,0,0,0,0,0,0,0,0,0,0,0,0,0,0,0,0,0,1,0,0,0,0,0,1.84
26.62,298,2.5,5,0.0,0.0,0.0,0.0,0.0,33.33333333333333,33.33333333333333,0.0,0.0,0.0,0.0,33.33333333333333,0.0,0.0,0.0,0,0,0,0,0,0,0,0,0,0,0,0,0,0,0,0,0,1,0,0,0,0,1,1.73
26.62,298,2.5,5,0.0,0.0,0.0,0.0,0.0,33.33333333333333,33.33333333333333,0.0,0.0,0.0,0.0,33.33333333333333,0.0,0.0,0.0,0,0,0,0,0,0,0,0,0,0,0,0,0,0,0,0,0,1,0,0,0,0,1,1.55
26.46,298,5.0,5,0.0,0.0,0.0,0.0,0.0,33.33333333333333,33.33333333333333,0.0,0.0,0.0,0.0,33.33333333333333,0.0,0.0,0.0,0,0,0,0,0,0,0,0,0,0,0,0,0,0,0,0,0,0,0,0,0,0,0,1.75
26.65,298,5.0,5,0.0,0.0,0.0,0.0,0.0,33.33333333333333,33.33333333333333,0.0,0.0,0.0,0.0,33.33333333333333,0.0,0.0,0.0,0,0,0,0,0,0,0,0,0,0,0,0,0,0,0,0,0,1,0,0,0,0,1,1.77
28.23,363,3.0,1,0.0,0.0,0.0,0.0,0.0,0.0,20.0,0.0,0.0,20.0,0.0,20.0,20.0,0.0,20.0,0,0,0,0,0,0,1,0,1,0,0,0,0,0,1,0,0,0,0,0,1,0,0,2.61
26.74,303,3.5,2,0.0,0.0,0.0,25.0,0.0,25.0,25.0,0.0,0.0,0.0,0.0,25.0,0.0,0.0,0.0,0,0,0,0,0,0,0,0,0,0,0,0,0,0,1,0,0,0,0,0,1,0,0,1.28
26.74,323,3.5,2,0.0,0.0,0.0,25.0,0.0,25.0,25.0,0.0,0.0,0.0,0.0,25.0,0.0,0.0,0.0,0,0,0,0,0,0,0,0,0,0,0,0,0,0,1,0,0,0,0,0,1,0,0,1.06
26.74,343,3.5,2,0.0,0.0,0.0,25.0,0.0,25.0,25.0,0.0,0.0,0.0,0.0,25.0,0.0,0.0,0.0,0,0,0,0,0,0,0,0,0,0,0,0,0,0,1,0,0,0,0,0,1,0,0,0.87
26.74,363,3.5,2,0.0,0.0,0.0,25.0,0.0,25.0,25.0,0.0,0.0,0.0,0.0,25.0,0.0,0.0,0.0,0,0,0,0,0,0,0,0,0,0,0,0,0,0,1,0,0,0,0,0,1,0,0,0.73
26.74,383,3.5,2,0.0,0.0,0.0,25.0,0.0,25.0,25.0,0.0,0.0,0.0,0.0,25.0,0.0,0.0,0.0,0,0,0,0,0,0,0,0,0,0,0,0,0,0,1,0,0,0,0,0,1,0,0,0.64
26.77,303,3.5,2,0.0,20.0,0.0,20.0,0.0,20.0,20.0,0.0,0.0,0.0,0.0,20.0,0.0,0.0,0.0,0,0,0,0,0,0,0,0,0,0,0,0,0,0,1,0,0,0,0,0,1,0,0,1.56
26.77,323,3.5,2,0.0,20.0,0.0,20.0,0.0,20.0,20.0,0.0,0.0,0.0,0.0,20.0,0.0,0.0,0.0,0,0,0,0,0,0,0,0,0,0,0,0,0,0,1,0,0,0,0,0,1,0,0,1.24
26.77,343,3.5,2,0.0,20.0,0.0,20.0,0.0,20.0,20.0,0.0,0.0,0.0,0.0,20.0,0.0,0.0,0.0,0,0,0,0,0,0,0,0,0,0,0,0,0,0,1,0,0,0,0,0,1,0,0,1.05
26.77,363,3.5,2,0.0,20.0,0.0,20.0,0.0,20.0,20.0,0.0,0.0,0.0,0.0,20.0,0.0,0.0,0.0,0,0,0,0,0,0,0,0,0,0,0,0,0,0,1,0,0,0,0,0,1,0,0,0.94
26.77,383,3.5,2,0.0,20.0,0.0,20.0,0.0,20.0,20.0,0.0,0.0,0.0,0.0,20.0,0.0,0.0,0.0,0,0,0,0,0,0,0,0,0,0,0,0,0,0,0,0,0,0,0,0,1,0,0,0.86
26.83,303,3.5,2,0.0,20.0,0.0,20.0,0.0,20.0,20.0,0.0,0.0,0.0,0.0,20.0,0.0,0.0,0.0,0,0,0,0,0,0,0,0,0,0,0,0,0,0,0,0,0,0,0,0,1,0,0,1.6
26.83,323,3.5,2,0.0,20.0,0.0,20.0,0.0,20.0,20.0,0.0,0.0,0.0,0.0,20.0,0.0,0.0,0.0,0,0,0,0,0,0,0,0,0,0,0,0,0,0,0,0,0,0,0,0,1,0,0,1.3
26.83,343,3.5,2,0.0,20.0,0.0,20.0,0.0,20.0,20.0,0.0,0.0,0.0,0.0,20.0,0.0,0.0,0.0,0,0,0,0,0,0,0,0,0,0,0,0,0,0,0,0,0,0,0,0,1,0,0,1.12
26.83,363,3.5,2,0.0,20.0,0.0,20.0,0.0,20.0,20.0,0.0,0.0,0.0,0.0,20.0,0.0,0.0,0.0,0,0,0,0,0,0,0,0,0,0,0,0,0,0,0,0,0,0,0,0,1,0,0,1.0
26.83,383,3.5,2,0.0,20.0,0.0,20.0,0.0,20.0,20.0,0.0,0.0,0.0,0.0,20.0,0.0,0.0,0.0,0,0,0,0,0,0,0,0,0,0,0,0,0,0,0,0,0,0,0,0,1,0,0,0.91
26.83,303,3.5,2,0.0,20.0,0.0,20.0,0.0,20.0,20.0,0.0,0.0,0.0,0.0,20.0,0.0,0.0,0.0,0,0,0,0,0,0,0,0,0,0,0,0,0,0,0,0,0,0,0,0,1,0,0,1.58
26.83,323,3.5,2,0.0,20.0,0.0,20.0,0.0,20.0,20.0,0.0,0.0,0.0,0.0,20.0,0.0,0.0,0.0,0,0,0,0,0,0,0,0,0,0,0,0,0,0,0,0,0,0,0,0,1,0,0,1.26
26.83,343,3.5,2,0.0,20.0,0.0,20.0,0.0,20.0,20.0,0.0,0.0,0.0,0.0,20.0,0.0,0.0,0.0,0,0,0,0,0,0,0,0,0,0,0,0,0,0,0,0,0,0,0,0,1,0,0,1.08
26.83,363,3.5,2,0.0,20.0,0.0,20.0,0.0,20.0,20.0,0.0,0.0,0.0,0.0,20.0,0.0,0.0,0.0,0,0,0,0,0,0,0,0,0,0,0,0,0,0,0,0,0,0,0,0,1,0,0,0.98
26.83,383,3.5,2,0.0,20.0,0.0,20.0,0.0,20.0,20.0,0.0,0.0,0.0,0.0,20.0,0.0,0.0,0.0,0,0,0,0,0,0,0,0,0,0,0,0,0,0,0,0,0,0,0,0,1,0,0,0.89
26.81,303,3.5,2,0.0,20.0,0.0,20.0,0.0,20.0,20.0,0.0,0.0,0.0,0.0,20.0,0.0,0.0,0.0,0,0,0,0,0,0,0,0,0,0,0,0,0,0,0,0,0,0,0,0,1,0,0,1.57
26.81,323,3.5,2,0.0,20.0,0.0,20.0,0.0,20.0,20.0,0.0,0.0,0.0,0.0,20.0,0.0,0.0,0.0,0,0,0,0,0,0,0,0,0,0,0,0,0,0,0,0,0,0,0,0,1,0,0,1.25
26.81,343,3.5,2,0.0,20.0,0.0,20.0,0.0,20.0,20.0,0.0,0.0,0.0,0.0,20.0,0.0,0.0,0.0,0,0,0,0,0,0,0,0,0,0,0,0,0,0,0,0,0,0,0,0,1,0,0,1.07
26.81,363,3.5,2,0.0,20.0,0.0,20.0,0.0,20.0,20.0,0.0,0.0,0.0,0.0,20.0,0.0,0.0,0.0,0,0,0,0,0,0,0,0,0,0,0,0,0,0,0,0,0,0,0,0,1,0,0,0.95
26.77,298,4.0,2,0.0,33.33333333333333,0.0,0.0,0.0,33.33333333333333,0.0,0.0,0.0,0.0,0.0,33.33333333333333,0.0,0.0,0.0,0,0,0,0,0,0,0,0,0,0,1,0,1,0,0,0,0,0,0,0,0,0,0,1.56
26.77,313,4.0,2,0.0,33.33333333333333,0.0,0.0,0.0,33.33333333333333,0.0,0.0,0.0,0.0,0.0,33.33333333333333,0.0,0.0,0.0,0,0,0,0,0,0,0,0,0,0,1,0,1,0,0,0,0,0,0,0,0,0,0,1.62
26.77,333,4.0,2,0.0,33.33333333333333,0.0,0.0,0.0,33.33333333333333,0.0,0.0,0.0,0.0,0.0,33.33333333333333,0.0,0.0,0.0,0,0,0,0,0,0,0,0,0,0,1,0,1,0,0,0,0,0,0,0,0,0,0,1.54
26.77,353,4.0,2,0.0,33.33333333333333,0.0,0.0,0.0,33.33333333333333,0.0,0.0,0.0,0.0,0.0,33.33333333333333,0.0,0.0,0.0,0,0,0,0,0,0,0,0,0,0,1,0,1,0,0,0,0,0,0,0,0,0,0,1.2
26.83,298,4.0,2,0.0,33.33333333333333,0.0,0.0,0.0,33.33333333333333,0.0,0.0,0.0,0.0,0.0,33.33333333333333,0.0,0.0,0.0,0,0,0,0,0,0,0,0,0,0,1,0,1,0,0,0,0,0,0,0,0,0,0,1.55
26.83,313,4.0,2,0.0,33.33333333333333,0.0,0.0,0.0,33.33333333333333,0.0,0.0,0.0,0.0,0.0,33.33333333333333,0.0,0.0,0.0,0,0,0,0,0,0,0,0,0,0,1,0,1,0,0,0,0,0,0,0,0,0,0,1.55
26.83,333,4.0,2,0.0,33.33333333333333,0.0,0.0,0.0,33.33333333333333,0.0,0.0,0.0,0.0,0.0,33.33333333333333,0.0,0.0,0.0,0,0,0,0,0,0,0,0,0,0,1,0,1,0,0,0,0,0,0,0,0,0,0,1.27
26.83,353,4.0,2,0.0,33.33333333333333,0.0,0.0,0.0,33.33333333333333,0.0,0.0,0.0,0.0,0.0,33.33333333333333,0.0,0.0,0.0,0,0,0,0,0,0,0,0,0,0,1,0,1,0,0,0,0,0,0,0,0,0,0,0.95
26.81,298,4.0,2,0.0,33.33333333333333,0.0,0.0,0.0,33.33333333333333,0.0,0.0,0.0,0.0,0.0,33.33333333333333,0.0,0.0,0.0,0,0,0,0,0,0,0,0,0,0,1,0,1,0,0,0,0,0,0,0,0,0,0,1.25
26.81,313,4.0,2,0.0,33.33333333333333,0.0,0.0,0.0,33.33333333333333,0.0,0.0,0.0,0.0,0.0,33.33333333333333,0.0,0.0,0.0,0,0,0,0,0,0,0,0,0,0,1,0,1,0,0,0,0,0,0,0,0,0,0,1.25
26.81,333,4.0,2,0.0,33.33333333333333,0.0,0.0,0.0,33.33333333333333,0.0,0.0,0.0,0.0,0.0,33.33333333333333,0.0,0.0,0.0,0,0,0,0,0,0,0,0,0,0,1,0,1,0,0,0,0,0,0,0,0,0,0,1.09
26.81,353,4.0,2,0.0,33.33333333333333,0.0,0.0,0.0,33.33333333333333,0.0,0.0,0.0,0.0,0.0,33.33333333333333,0.0,0.0,0.0,0,0,0,0,0,0,0,0,0,0,1,0,0,0,0,0,1,0,0,0,0,0,0,0.89
26.44,298,4.0,2,0.0,33.33333333333333,0.0,0.0,0.0,33.33333333333333,0.0,0.0,0.0,0.0,0.0,33.33333333333333,0.0,0.0,0.0,0,0,0,0,0,0,0,0,0,0,1,0,0,0,0,0,1,0,0,0,0,0,0,1.61
26.44,313,4.0,2,0.0,33.33333333333333,0.0,0.0,0.0,33.33333333333333,0.0,0.0,0.0,0.0,0.0,33.33333333333333,0.0,0.0,0.0,0,0,0,0,0,0,0,0,0,0,1,0,0,0,0,0,1,0,0,0,0,0,0,1.61
26.44,333,4.0,2,0.0,33.33333333333333,0.0,0.0,0.0,33.33333333333333,0.0,0.0,0.0,0.0,0.0,33.33333333333333,0.0,0.0,0.0,0,0,0,0,0,0,0,0,0,0,1,0,0,0,0,0,1,0,0,0,0,0,0,1.39
26.44,353,4.0,2,0.0,33.33333333333333,0.0,0.0,0.0,33.33333333333333,0.0,0.0,0.0,0.0,0.0,33.33333333333333,0.0,0.0,0.0,0,0,0,0,0,0,0,0,0,0,1,0,0,0,0,0,1,0,0,0,0,0,0,1.17
26.58,298,4.0,2,0.0,33.33333333333333,0.0,0.0,0.0,33.33333333333333,0.0,0.0,0.0,0.0,0.0,33.33333333333333,0.0,0.0,0.0,0,0,0,0,0,0,0,0,0,0,1,0,0,0,0,0,1,0,0,0,0,0,0,1.77
26.58,313,4.0,2,0.0,33.33333333333333,0.0,0.0,0.0,33.33333333333333,0.0,0.0,0.0,0.0,0.0,33.33333333333333,0.0,0.0,0.0,0,0,0,0,0,0,0,0,0,0,1,0,0,0,0,0,1,0,0,0,0,0,0,1.77
26.58,333,4.0,2,0.0,33.33333333333333,0.0,0.0,0.0,33.33333333333333,0.0,0.0,0.0,0.0,0.0,33.33333333333333,0.0,0.0,0.0,0,0,0,0,0,0,0,0,0,0,1,0,0,0,0,0,1,0,0,0,0,0,0,1.58
26.58,353,4.0,2,0.0,33.33333333333333,0.0,0.0,0.0,33.33333333333333,0.0,0.0,0.0,0.0,0.0,33.33333333333333,0.0,0.0,0.0,0,0,0,0,0,0,0,0,0,0,1,0,0,0,0,0,1,0,0,0,0,0,0,1.22
26.67,298,4.0,2,0.0,33.33333333333333,0.0,0.0,0.0,33.33333333333333,0.0,0.0,0.0,0.0,0.0,33.33333333333333,0.0,0.0,0.0,0,0,0,0,0,0,0,0,0,0,1,0,0,0,0,0,1,0,0,0,0,0,0,1.41
26.67,313,4.0,2,0.0,33.33333333333333,0.0,0.0,0.0,33.33333333333333,0.0,0.0,0.0,0.0,0.0,33.33333333333333,0.0,0.0,0.0,0,0,0,0,0,0,0,0,0,0,1,0,0,0,0,0,1,0,0,0,0,0,0,1.43
26.67,333,4.0,2,0.0,33.33333333333333,0.0,0.0,0.0,33.33333333333333,0.0,0.0,0.0,0.0,0.0,33.33333333333333,0.0,0.0,0.0,0,0,0,0,0,0,0,0,0,0,1,0,0,0,0,0,1,0,0,0,0,0,0,1.39
30.51,303,2.5,10,0.0,25.0,0.0,25.0,0.0,0.0,0.0,0.0,0.0,0.0,0.0,25.0,25.0,0.0,0.0,0,1,0,0,0,0,0,0,0,1,0,0,0,0,0,0,0,0,0,0,0,0,0,1.94
26.44,293,4.0,1,0.0,0.0,0.0,33.33333333333333,0.0,33.33333333333333,0.0,0.0,0.0,0.0,0.0,33.33333333333333,0.0,0.0,0.0,0,0,0,0,0,0,0,0,0,1,0,0,0,0,0,0,0,0,0,0,0,0,0,1.65
26.51,293,4.0,1,0.0,0.0,0.0,0.0,0.0,33.33333333333333,33.33333333333333,0.0,0.0,0.0,0.0,33.33333333333333,0.0,0.0,0.0,0,0,0,0,0,0,0,0,0,1,0,0,0,0,0,0,0,0,0,0,0,0,0,1.28
26.44,303,4.0,2,0.0,0.0,0.0,33.33333333333333,0.0,33.33333333333333,0.0,0.0,0.0,0.0,0.0,33.33333333333333,0.0,0.0,0.0,0,0,0,0,0,0,0,0,0,1,0,0,0,0,0,0,0,0,0,0,0,0,0,1.78
26.46,303,4.0,2,0.0,0.0,0.0,25.0,0.0,25.0,25.0,0.0,0.0,0.0,0.0,25.0,0.0,0.0,0.0,0,0,1,0,1,0,0,0,0,1,0,0,0,0,0,0,0,0,0,0,0,0,0,1.77
26.49,303,4.0,2,0.0,0.0,0.0,25.0,0.0,25.0,25.0,0.0,0.0,0.0,0.0,25.0,0.0,0.0,0.0,0,0,1,0,1,0,0,0,0,1,0,0,0,0,0,0,0,0,0,0,0,0,0,1.73
26.52,303,4.0,2,0.0,0.0,0.0,25.0,0.0,25.0,25.0,0.0,0.0,0.0,0.0,25.0,0.0,0.0,0.0,0,0,1,0,1,0,0,0,0,1,0,0,0,0,0,0,0,0,0,0,0,0,0,1.72
26.51,303,4.0,2,0.0,0.0,0.0,0.0,0.0,33.33333333333333,33.33333333333333,0.0,0.0,0.0,0.0,33.33333333333333,0.0,0.0,0.0,0,0,0,0,0,0,0,0,0,1,0,0,0,0,0,0,0,0,0,0,0,0,0,1.7
26.44,303,4.0,2,0.0,0.0,0.0,33.33333333333333,0.0,33.33333333333333,0.0,0.0,0.0,0.0,0.0,33.33333333333333,0.0,0.0,0.0,0,0,0,0,0,0,0,0,0,1,0,0,0,0,0,0,0,0,0,0,0,0,0,1.65
26.46,303,4.0,2,0.0,0.0,0.0,25.0,0.0,25.0,25.0,0.0,0.0,0.0,0.0,25.0,0.0,0.0,0.0,0,0,1,0,1,0,0,0,0,1,0,0,0,0,0,0,0,0,0,0,0,0,0,1.65
26.49,303,4.0,2,0.0,0.0,0.0,25.0,0.0,25.0,25.0,0.0,0.0,0.0,0.0,25.0,0.0,0.0,0.0,0,0,1,0,1,0,0,0,0,1,0,0,0,0,0,0,0,0,0,0,0,0,0,1.62
26.52,303,4.0,2,0.0,0.0,0.0,25.0,0.0,25.0,25.0,0.0,0.0,0.0,0.0,25.0,0.0,0.0,0.0,0,0,1,0,1,0,0,0,0,1,0,0,0,0,0,0,0,0,0,0,0,0,0,1.6
40.14,423,1.0,1,0.0,0.0,0.0,0.0,0.0,0.0,0.0,0.0,0.0,0.0,0.0,33.33333333333333,33.33333333333333,0.0,33.33333333333333,0,0,0,0,0,0,0,0,0,0,0,0,0,0,0,0,0,0,0,0,0,0,0,3.01
27.06,303,3.0,2,0.0,0.0,0.0,0.0,0.0,33.33333333333333,33.33333333333333,0.0,0.0,0.0,0.0,33.33333333333333,0.0,0.0,0.0,0,0,0,0,1,0,0,0,0,0,0,0,0,0,0,0,0,0,0,0,0,0,0,1.6
27.97,303,3.0,2,0.0,0.0,0.0,0.0,0.0,33.33333333333333,33.33333333333333,0.0,0.0,0.0,0.0,33.33333333333333,0.0,0.0,0.0,0,0,0,0,1,0,0,0,0,0,0,0,0,0,0,0,0,0,0,0,0,0,0,1.57
28.21,303,3.0,2,0.0,0.0,0.0,0.0,0.0,33.33333333333333,33.33333333333333,0.0,0.0,0.0,0.0,33.33333333333333,0.0,0.0,0.0,0,0,0,0,1,0,0,0,0,0,0,0,0,1,0,0,0,0,0,0,0,0,0,1.71
29.11,303,3.0,2,0.0,0.0,0.0,0.0,0.0,33.33333333333333,33.33333333333333,0.0,0.0,0.0,0.0,33.33333333333333,0.0,0.0,0.0,0,0,0,0,1,0,0,0,0,0,0,0,0,1,0,0,0,0,0,0,0,0,0,1.63
29.37,303,3.0,2,0.0,0.0,0.0,0.0,0.0,33.33333333333333,33.33333333333333,0.0,0.0,0.0,0.0,33.33333333333333,0.0,0.0,0.0,0,0,0,0,1,0,0,0,0,0,0,0,0,0,0,0,0,0,0,0,0,0,0,1.63
28.21,303,3.0,1,0.0,0.0,0.0,0.0,0.0,33.33333333333333,33.33333333333333,0.0,0.0,0.0,0.0,33.33333333333333,0.0,0.0,0.0,0,0,0,0,0,0,0,0,0,0,0,0,0,0,0,0,0,0,0,0,0,0,0,1.71
29.8,298,1.5,1,0.0,0.0,0.0,0.5102040816326531,0.0,0.0,0.0,0.0,33.16326530612245,0.0,0.0,33.16326530612245,33.16326530612245,0.0,0.0,0,0,0,0,0,0,0,0,0,0,0,0,0,0,0,0,0,0,1,1,0,0,0,2.8
26.9,303,1.5,2,0.0,0.0,0.0,0.0,0.0,16.66666666666666,16.66666666666666,0.0,0.0,16.66666666666666,0.0,16.66666666666666,0.0,16.66666666666666,16.66666666666666,0,0,0,0,0,0,0,0,0,0,0,1,0,0,0,0,0,0,0,1,0,0,0,1.679
26.97,303,1.5,2,0.0,0.0,0.0,0.0,0.0,14.28571428571428,14.28571428571428,0.0,0.0,28.57142857142857,0.0,14.28571428571428,0.0,14.28571428571428,14.28571428571428,0,0,0,0,0,0,1,0,0,0,0,1,0,0,0,0,0,0,0,1,0,0,0,1.709
26.96,303,1.5,2,0.0,0.0,0.0,0.0,0.0,14.28571428571428,14.28571428571428,0.0,0.0,28.57142857142857,0.0,14.28571428571428,0.0,14.28571428571428,14.28571428571428,0,0,0,0,0,0,1,0,0,0,0,1,0,0,0,0,0,0,0,1,0,0,0,1.715
26.96,323,1.5,2,0.0,0.0,0.0,0.0,0.0,14.28571428571428,14.28571428571428,0.0,0.0,28.57142857142857,0.0,14.28571428571428,0.0,14.28571428571428,14.28571428571428,0,0,0,0,0,0,1,0,0,0,0,1,0,0,0,0,0,0,0,1,0,0,0,1.705
26.96,343,1.5,2,0.0,0.0,0.0,0.0,0.0,14.28571428571428,14.28571428571428,0.0,0.0,28.57142857142857,0.0,14.28571428571428,0.0,14.28571428571428,14.28571428571428,0,0,0,0,0,0,1,0,0,0,0,1,0,0,0,0,0,0,0,1,0,0,0,1.713
26.96,363,1.5,2,0.0,0.0,0.0,0.0,0.0,14.28571428571428,14.28571428571428,0.0,0.0,28.57142857142857,0.0,14.28571428571428,0.0,14.28571428571428,14.28571428571428,0,0,0,0,0,0,1,0,0,0,0,1,0,0,0,0,0,0,0,1,0,0,0,1.684
26.93,303,1.5,2,0.0,0.0,0.0,0.0,0.0,14.28571428571428,14.28571428571428,0.0,0.0,28.57142857142857,0.0,14.28571428571428,0.0,14.28571428571428,14.28571428571428,0,0,0,0,0,0,1,0,0,0,0,1,0,0,0,0,0,0,0,1,0,0,0,1.666
26.93,303,1.5,2,0.0,0.0,0.0,0.0,0.0,14.28571428571428,14.28571428571428,0.0,0.0,28.57142857142857,0.0,14.28571428571428,0.0,14.28571428571428,14.28571428571428,0,0,0,0,0,0,1,0,0,0,0,1,0,0,0,0,0,0,0,1,0,0,0,1.619
26.35,303,3.0,2,0.0,0.0,0.0,0.0,0.0,50.0,0.0,0.0,0.0,0.0,0.0,50.0,0.0,0.0,0.0,0,0,0,0,0,0,0,0,0,0,0,0,0,0,0,0,0,1,0,0,0,0,0,1.32
26.46,303,3.0,2,0.0,0.0,0.0,33.33333333333333,0.0,33.33333333333333,0.0,0.0,0.0,0.0,0.0,33.33333333333333,0.0,0.0,0.0,0,0,0,0,0,0,0,0,0,0,0,0,0,0,0,0,0,1,0,0,0,0,0,1.46
26.52,303,3.0,1,0.0,0.0,0.0,33.33333333333333,0.0,33.33333333333333,0.0,0.0,0.0,0.0,0.0,33.33333333333333,0.0,0.0,0.0,0,0,0,0,0,0,0,0,0,1,0,0,0,0,0,0,0,1,0,0,0,0,0,1.65
26.52,303,3.0,2,0.0,0.0,0.0,33.33333333333333,0.0,33.33333333333333,0.0,0.0,0.0,0.0,0.0,33.33333333333333,0.0,0.0,0.0,0,0,0,0,0,0,0,0,0,1,0,0,0,0,0,0,0,1,0,0,0,0,0,1.58
26.58,303,3.0,1,0.0,0.0,0.0,33.33333333333333,0.0,33.33333333333333,0.0,0.0,0.0,0.0,0.0,33.33333333333333,0.0,0.0,0.0,0,0,0,0,0,0,0,0,0,1,0,0,0,0,0,0,0,1,0,0,0,0,0,1.63
26.58,303,3.0,2,0.0,0.0,0.0,33.33333333333333,0.0,33.33333333333333,0.0,0.0,0.0,0.0,0.0,33.33333333333333,0.0,0.0,0.0,0,0,0,0,0,0,0,0,0,1,0,0,0,0,0,0,0,1,0,0,0,0,0,1.63
26.58,303,3.0,1,0.0,0.0,0.0,33.33333333333333,0.0,33.33333333333333,0.0,0.0,0.0,0.0,0.0,33.33333333333333,0.0,0.0,0.0,0,0,0,0,0,0,0,0,0,0,0,0,0,0,0,0,0,0,0,0,0,0,0,1.69
26.58,303,3.0,2,0.0,0.0,0.0,33.33333333333333,0.0,33.33333333333333,0.0,0.0,0.0,0.0,0.0,33.33333333333333,0.0,0.0,0.0,0,0,0,0,0,0,0,0,0,0,0,0,0,0,0,0,0,0,0,0,0,0,0,1.69
26.65,303,3.0,1,0.0,0.0,0.0,33.33333333333333,0.0,33.33333333333333,0.0,0.0,0.0,0.0,0.0,33.33333333333333,0.0,0.0,0.0,0,0,0,0,0,0,0,0,0,0,0,0,0,0,0,0,0,0,0,0,0,0,0,1.78
26.65,303,3.0,2,0.0,0.0,0.0,33.33333333333333,0.0,33.33333333333333,0.0,0.0,0.0,0.0,0.0,33.33333333333333,0.0,0.0,0.0,0,0,0,0,0,0,0,0,0,0,0,0,0,0,0,0,0,0,0,0,0,0,0,1.78
26.41,294,4.5,2,0.0,0.0,33.33333333333333,0.0,0.0,33.33333333333333,0.0,0.0,0.0,0.0,0.0,33.33333333333333,0.0,0.0,0.0,0,0,0,0,0,0,0,0,0,0,0,0,0,0,1,0,0,1,0,0,0,0,0,1.5
26.92,294,6.5,2,0.0,0.0,0.0,0.0,33.33333333333333,33.33333333333333,0.0,0.0,0.0,0.0,0.0,33.33333333333333,0.0,0.0,0.0,0,0,0,1,0,0,0,0,0,0,0,0,0,0,0,1,0,0,0,0,0,0,0,1.4
26.95,294,6.2,2,0.0,0.0,0.0,33.33333333333333,0.0,33.33333333333333,0.0,0.0,0.0,0.0,0.0,33.33333333333333,0.0,0.0,0.0,0,0,1,0,0,0,0,0,0,1,0,0,0,0,0,0,0,1,0,0,0,0,0,1.5
26.95,294,6.1,2,0.0,0.0,0.0,33.33333333333333,0.0,33.33333333333333,0.0,0.0,0.0,0.0,0.0,33.33333333333333,0.0,0.0,0.0,0,0,1,0,0,0,0,0,0,1,0,0,0,0,0,0,0,1,0,0,0,0,0,1.6
27.93,294,6.5,2,33.33333333333333,0.0,0.0,0.0,0.0,33.33333333333333,0.0,0.0,0.0,0.0,0.0,33.33333333333333,0.0,0.0,0.0,1,0,0,0,0,0,0,0,0,0,0,0,0,0,0,0,0,1,0,0,0,0,0,1.1
27.77,294,6.3,2,33.33333333333333,0.0,0.0,0.0,0.0,33.33333333333333,0.0,0.0,0.0,0.0,0.0,33.33333333333333,0.0,0.0,0.0,1,0,0,0,0,0,0,0,0,0,0,0,0,0,0,0,0,1,0,0,0,0,0,1.0
26.6,298,2.5,5,0.0,0.0,0.0,0.0,0.0,33.33333333333333,33.33333333333333,0.0,0.0,0.0,0.0,33.33333333333333,0.0,0.0,0.0,0,0,0,0,0,0,0,0,0,0,0,0,0,0,0,0,0,1,0,0,0,0,1,1.86
26.68,298,2.5,5,0.0,0.0,0.0,0.0,25.0,25.0,25.0,0.0,0.0,0.0,0.0,25.0,0.0,0.0,0.0,0,0,0,1,1,0,0,0,0,0,0,0,0,0,0,0,0,1,0,0,0,0,1,1.83
26.77,373,5.0,5,0.0,0.0,0.0,0.0,25.0,25.0,25.0,0.0,0.0,0.0,0.0,25.0,0.0,0.0,0.0,0,0,0,1,1,0,0,0,0,0,0,0,0,0,0,0,0,1,0,0,0,0,1,1.68
26.35,313,7.4,1,0.0,0.0,0.0,0.0,0.0,50.0,0.0,0.0,0.0,0.0,0.0,50.0,0.0,0.0,0.0,0,0,0,0,0,0,0,0,0,1,0,0,0,0,0,0,0,0,0,0,0,1,0,1.58
26.86,313,7.4,1,0.0,0.0,0.0,0.0,0.0,33.33333333333333,0.0,0.0,0.0,0.0,33.33333333333333,33.33333333333333,0.0,0.0,0.0,0,0,0,0,0,0,0,1,0,0,0,0,0,0,1,0,0,0,0,0,0,0,0,1.0
26.99,313,7.4,1,0.0,0.0,0.0,0.0,0.0,33.33333333333333,0.0,0.0,0.0,0.0,33.33333333333333,33.33333333333333,0.0,0.0,0.0,0,0,0,0,0,0,0,1,0,0,0,0,0,0,1,0,0,0,0,0,0,0,0,0.7
26.52,313,7.4,1,0.0,0.0,0.0,0.0,0.0,33.33333333333333,0.0,33.33333333333333,0.0,0.0,0.0,33.33333333333333,0.0,0.0,0.0,0,0,0,0,0,1,0,0,0,1,0,0,0,0,0,0,0,0,0,0,0,0,0,1.0
26.57,313,7.4,1,0.0,0.0,0.0,0.0,0.0,33.33333333333333,0.0,33.33333333333333,0.0,0.0,0.0,33.33333333333333,0.0,0.0,0.0,0,0,0,0,0,1,0,0,0,0,0,0,0,0,0,0,0,0,0,0,0,0,0,1.4
