Test_Temperature_K,Initial_Hydrogen_Pressure_MPa,Hydrogen_Absorption_Cycles,Max_H2_Uptake_wt_pct,Lattice_Parameter_a_A,Lattice_Parameter_c_A,Unit_Cell_Volume_A3,Element_at_pct_Ti,Element_at_pct_V,Element_at_pct_Mn,Element_at_pct_Ce,Element_at_pct_Zr,Element_at_pct_Cr,Element_at_pct_Fe,Element_at_pct_Nb,Element_at_pct_Cu,Element_at_pct_Al,Element_at_pct_Y,Element_at_pct_Ni,Element_at_pct_Mo,Element_at_pct_Co,Element_at_pct_NaN,Element_at_pct_H,Element_at_pct_Li,Element_at_pct_C,Element_at_pct_A,Element_at_pct_I,Element_at_pct_T,Element_at_pct_Ta,Additive_V,Additive_H,Additive_Al,Additive_C,Additive_Co,Additive_Ti,Additive_Zr,Additive_Fe,Additive_Li,Additive_Cu,Additive_Mn,Additive_Cr,Additive_Mo,Additive_Ni,Additive_Ce,Main_Phase,Second_Phase_Al,Second_Phase_Ti2Fe,Second_Phase_Beta_Ti,Second_Phase_Ti4_FeCu_2Ox,Second_Phase_C15,Second_Phase_BCC,Second_Phase_TiFe,Second_Phase_Y2O3,Second_Phase_TiFe2,Second_Phase_FeCr,Second_Phase_Ce,Second_Phase_Ce_Phase,Second_Phase_C14_Laves_Phase,Second_Phase_Ti4Mn2O,Second_Phase_C14_Laves,Second_Phase_ZrMn2,Second_Phase_TiCu,Second_Phase_Ti4Fe2O,Second_Phase_Ti2AlC,Second_Phase_Li3AlH6,Second_Phase_BCC_C14_Laves,Second_Phase_C15_Laves,Second_Phase_LiAlH4,Second_Phase_Ti4Fe,Second_Phase_CeO2,Second_Phase_TiNi,Second_Phase_Alpha_Ti,Second_Phase_TiMn2,Second_Phase_Ti2Fe_Ortho,Second_Phase_BCC_Cubic,Second_Phase_Ni,Second_Phase_Y
298,5.0,2,2.01,4.9828,8.0438,172.92,33.9,15.25,50.85,0.0,0.0,0.0,0.0,0.0,0.0,0.0,0.0,0.0,0.0,0.0,0.0,0.0,0.0,0.0,0.0,0.0,0.0,0,0,0,0,0,0,0,0,0,0,0,0,0,0,0,0,C14 Laves（六方）,0,0,0,0,0,0,0,0,0,0,0,0,0,1,1,0,0,0,0,0,0,0,0,0,0,0,0,0,0,0,0,0
298,5.0,2,2.06,4.9901,8.0482,173.53,33.9,15.25,50.85,0.0,0.0,0.0,0.0,0.0,0.0,0.0,0.0,0.0,0.0,0.0,0.0,0.0,0.0,0.0,0.0,0.0,0.0,0,0,0,0,0,0,0,0,0,0,0,0,0,0,0,0,C14 Laves（六方）,0,0,0,0,0,0,0,0,0,0,0,0,0,1,1,0,0,0,0,0,0,0,0,0,0,0,0,0,0,0,0,0
298,5.0,2,2.09,4.9918,8.0495,173.68,33.9,15.25,50.85,0.0,0.0,0.0,0.0,0.0,0.0,0.0,0.0,0.0,0.0,0.0,0.0,0.0,0.0,0.0,0.0,0.0,0.0,0,0,0,0,0,0,0,0,0,0,0,0,0,0,0,0,C14 Laves（六方）,0,0,0,0,0,0,0,0,0,0,0,0,0,1,1,0,0,0,0,0,0,0,0,0,0,0,0,0,0,0,0,0
298,5.0,2,2.06,4.9925,8.0499,173.73,33.9,15.25,50.85,0.0,0.0,0.0,0.0,0.0,0.0,0.0,0.0,0.0,0.0,0.0,0.0,0.0,0.0,0.0,0.0,0.0,0.0,0,0,0,0,0,0,0,0,0,0,0,0,0,0,0,0,C14 Laves（六方）,0,0,0,0,0,0,0,0,0,0,0,0,0,1,1,0,0,0,0,0,0,0,0,0,0,0,0,0,0,0,0,0
298,5.0,2,1.79,4.9997,8.0505,174.25,33.9,15.25,50.85,0.0,0.0,0.0,0.0,0.0,0.0,0.0,0.0,0.0,0.0,0.0,0.0,0.0,0.0,0.0,0.0,0.0,0.0,0,0,0,0,0,0,0,0,0,0,0,0,0,0,0,0,C14 Laves（六方）,0,0,0,0,0,0,0,0,0,0,0,0,0,0,1,0,0,0,0,0,0,0,0,0,0,0,0,0,0,0,0,0
298,8.0,2,2.16,4.7412,8.0438,156.59,33.9,15.25,50.85,0.0,0.0,0.0,0.0,0.0,0.0,0.0,0.0,0.0,0.0,0.0,0.0,0.0,0.0,0.0,0.0,0.0,0.0,0,0,0,0,0,0,0,0,0,0,0,0,0,0,0,0,C14 Laves（六方）,0,0,0,0,0,0,0,0,0,0,1,0,0,0,1,0,0,0,0,0,0,0,0,0,1,0,0,0,0,0,0,0
298,8.0,2,2.01,4.7363,8.0398,156.19,32.2,15.25,50.85,1.69,0.0,0.0,0.0,0.0,0.0,0.0,0.0,0.0,0.0,0.0,0.0,0.0,0.0,0.0,0.0,0.0,0.0,0,0,0,0,0,0,0,0,0,0,0,0,0,0,0,0,C14 Laves（六方）,0,0,0,0,0,0,0,0,0,0,1,0,0,0,1,0,0,0,0,0,0,0,0,0,1,0,0,0,0,0,0,0
298,8.0,2,1.85,4.7339,8.0308,155.86,30.51,15.25,50.85,3.39,0.0,0.0,0.0,0.0,0.0,0.0,0.0,0.0,0.0,0.0,0.0,0.0,0.0,0.0,0.0,0.0,0.0,0,0,0,0,0,0,0,0,0,0,0,0,0,0,0,0,C14 Laves（六方）,0,0,0,0,0,0,0,0,0,0,1,0,0,0,1,0,0,0,0,0,0,0,0,0,1,0,0,0,0,0,0,0
298,8.0,2,1.66,4.7337,8.0292,155.81,28.81,15.25,50.85,5.08,0.0,0.0,0.0,0.0,0.0,0.0,0.0,0.0,0.0,0.0,0.0,0.0,0.0,0.0,0.0,0.0,0.0,0,0,0,0,0,0,0,0,0,0,0,0,0,0,0,0,C14 Laves（六方）,0,0,0,0,0,0,0,0,0,0,1,0,0,0,1,0,0,0,0,0,0,0,0,0,1,0,0,0,0,0,0,0
298,8.0,2,1.44,4.7484,8.011,156.43,27.12,15.25,50.85,6.78,0.0,0.0,0.0,0.0,0.0,0.0,0.0,0.0,0.0,0.0,0.0,0.0,0.0,0.0,0.0,0.0,0.0,0,0,0,0,0,0,0,0,0,0,0,0,0,0,0,0,C14 Laves（六方）,0,0,0,0,0,0,0,0,0,0,0,0,0,0,1,0,0,0,0,0,0,0,0,0,0,0,0,0,0,0,0,0
313,5.0,2,2.03,4.99,8.041,173.2,33.9,15.25,50.85,0.0,0.0,0.0,0.0,0.0,0.0,0.0,0.0,0.0,0.0,0.0,0.0,0.0,0.0,0.0,0.0,0.0,0.0,0,0,0,0,0,0,0,0,0,0,0,0,0,0,0,0,C14 Laves（六方）,0,0,0,0,0,0,0,0,0,0,0,0,0,0,1,0,0,0,0,0,0,0,0,0,0,0,0,0,0,0,0,0
313,5.0,2,1.79,4.996,8.048,173.9,32.2,15.25,50.85,0.0,1.69,0.0,0.0,0.0,0.0,0.0,0.0,0.0,0.0,0.0,0.0,0.0,0.0,0.0,0.0,0.0,0.0,0,0,0,0,0,0,0,0,0,0,0,0,0,0,0,0,C14 Laves（六方）,0,0,0,0,0,0,0,0,0,0,0,0,0,0,1,0,0,0,0,0,0,0,0,0,0,0,0,0,0,0,0,0
313,5.0,2,2.07,5.002,8.055,174.5,30.51,15.25,50.85,0.0,3.39,0.0,0.0,0.0,0.0,0.0,0.0,0.0,0.0,0.0,0.0,0.0,0.0,0.0,0.0,0.0,0.0,0,0,0,0,0,0,0,0,0,0,0,0,0,0,0,0,C14 Laves（六方）,0,0,0,0,0,0,0,0,0,0,0,0,0,0,1,0,0,0,0,0,0,0,0,0,0,0,0,0,0,0,0,0
313,5.0,2,1.95,5.022,8.063,176.2,28.81,15.25,50.85,0.0,5.08,0.0,0.0,0.0,0.0,0.0,0.0,0.0,0.0,0.0,0.0,0.0,0.0,0.0,0.0,0.0,0.0,0,0,0,0,0,0,0,0,0,0,0,0,0,0,0,0,C14 Laves（六方）,0,0,0,0,0,0,0,0,0,0,0,0,0,0,1,0,0,0,0,0,0,0,0,0,0,0,0,0,0,0,0,0
313,5.0,2,2.02,5.044,8.071,177.7,27.12,15.25,50.85,0.0,6.78,0.0,0.0,0.0,0.0,0.0,0.0,0.0,0.0,0.0,0.0,0.0,0.0,0.0,0.0,0.0,0.0,0,0,0,0,0,0,0,0,0,0,0,0,0,0,0,0,C14 Laves（六方）,0,0,0,0,0,0,0,0,0,0,0,0,0,0,1,0,0,0,0,0,0,0,0,0,0,0,0,0,0,0,0,0
313,5.0,2,2.07,5.002,8.055,174.5,30.51,15.25,50.85,0.0,3.39,0.0,0.0,0.0,0.0,0.0,0.0,0.0,0.0,0.0,0.0,0.0,0.0,0.0,0.0,0.0,0.0,0,0,0,0,0,0,0,0,0,0,0,0,0,0,0,0,C14 Laves（六方）,0,0,0,0,0,0,0,0,0,0,1,0,0,0,1,0,0,0,0,0,0,0,0,0,1,0,0,0,0,0,0,0
298,5.0,2,2.1,4.8588,8.5133,174.18,32.2,15.25,50.85,1.69,0.0,0.0,0.0,0.0,0.0,0.0,0.0,0.0,0.0,0.0,0.0,0.0,0.0,0.0,0.0,0.0,0.0,0,0,0,0,0,0,0,0,0,0,0,0,0,0,0,0,C14 Laves（六方）,0,0,0,0,0,0,0,0,0,0,1,0,0,0,1,0,0,0,0,0,0,0,0,0,1,0,0,0,0,0,0,0
298,5.0,2,1.97,4.8594,8.5193,174.35,32.2,15.25,49.15,1.69,0.0,1.69,0.0,0.0,0.0,0.0,0.0,0.0,0.0,0.0,0.0,0.0,0.0,0.0,0.0,0.0,0.0,0,0,0,0,0,0,0,0,0,0,0,0,0,0,0,0,C14 Laves（六方）,0,0,0,0,0,0,0,0,0,0,1,0,0,0,1,0,0,0,0,0,0,0,0,0,1,0,0,0,0,0,0,0
298,5.0,2,2.12,4.8612,8.5329,174.5,32.2,15.25,47.46,1.69,0.0,3.39,0.0,0.0,0.0,0.0,0.0,0.0,0.0,0.0,0.0,0.0,0.0,0.0,0.0,0.0,0.0,0,0,0,0,0,0,0,0,0,0,0,0,0,0,0,0,C14 Laves（六方）,0,0,0,0,0,0,0,0,0,0,1,0,0,0,1,0,0,0,0,0,0,0,0,0,1,0,0,0,0,0,0,0
298,5.0,2,2.03,4.8629,8.5516,175.01,32.2,15.25,45.76,1.69,0.0,5.08,0.0,0.0,0.0,0.0,0.0,0.0,0.0,0.0,0.0,0.0,0.0,0.0,0.0,0.0,0.0,0,0,0,0,0,0,0,0,0,0,0,0,0,0,0,0,C14 Laves（六方）,0,0,0,0,0,0,0,0,0,0,1,0,0,0,1,0,0,0,0,0,0,0,0,0,1,0,0,0,0,0,0,0
298,5.0,2,2.07,4.8788,8.5541,175.38,32.2,15.25,44.07,1.69,0.0,6.78,0.0,0.0,0.0,0.0,0.0,0.0,0.0,0.0,0.0,0.0,0.0,0.0,0.0,0.0,0.0,0,0,0,0,0,0,0,0,0,0,0,0,0,0,0,0,C14 Laves（六方）,0,0,0,0,0,0,0,0,0,0,1,0,0,0,1,0,0,0,0,0,0,0,0,0,1,0,0,0,0,0,0,0
303,5.0,2,1.89,4.8724,7.9924,164.32,32.2,15.25,50.85,1.69,0.0,0.0,0.0,0.0,0.0,0.0,0.0,0.0,0.0,0.0,0.0,0.0,0.0,0.0,0.0,0.0,0.0,0,0,0,0,0,0,0,0,0,0,0,0,0,0,0,0,C14 Laves（六方）,0,0,0,0,0,0,0,0,0,0,1,0,0,0,1,0,0,0,0,0,0,0,0,0,1,0,0,0,0,0,0,0
303,5.0,2,2.1,4.8785,7.9998,164.89,32.2,15.25,49.15,1.69,0.0,0.0,1.69,0.0,0.0,0.0,0.0,0.0,0.0,0.0,0.0,0.0,0.0,0.0,0.0,0.0,0.0,0,0,0,0,0,0,0,0,0,0,0,0,0,0,0,0,C14 Laves（六方）,0,0,0,0,0,0,0,0,0,0,1,0,0,0,1,0,0,0,0,0,0,0,0,0,1,0,0,0,0,0,0,0
303,5.0,2,1.82,4.8793,8.0011,164.97,32.2,15.25,47.46,1.69,0.0,0.0,3.39,0.0,0.0,0.0,0.0,0.0,0.0,0.0,0.0,0.0,0.0,0.0,0.0,0.0,0.0,0,0,0,0,0,0,0,0,0,0,0,0,0,0,0,0,C14 Laves（六方）,0,0,0,0,0,0,0,0,0,0,1,0,0,0,1,0,0,0,0,0,0,0,0,0,1,0,0,0,0,0,0,0
303,5.0,2,1.69,4.8781,7.9987,164.84,32.2,15.25,45.76,1.69,0.0,0.0,5.08,0.0,0.0,0.0,0.0,0.0,0.0,0.0,0.0,0.0,0.0,0.0,0.0,0.0,0.0,0,0,0,0,0,0,0,0,0,0,0,0,0,0,0,0,C14 Laves（六方）,0,0,0,0,0,0,0,0,0,0,1,0,0,0,1,0,0,0,0,0,0,0,0,0,1,0,0,0,0,0,0,0
303,5.0,2,1.53,4.8887,8.0084,165.76,32.2,15.25,44.07,1.69,0.0,0.0,6.78,0.0,0.0,0.0,0.0,0.0,0.0,0.0,0.0,0.0,0.0,0.0,0.0,0.0,0.0,0,0,0,0,0,0,0,0,0,0,0,0,0,0,0,0,C14 Laves（六方）,0,0,0,0,0,0,0,0,0,0,0,0,0,1,1,0,0,0,0,0,0,0,0,0,0,0,0,0,0,0,0,0
298,5.0,2,2.18,4.8981,8.0365,166.98,30.51,15.25,50.85,0.0,3.39,0.0,0.0,0.0,0.0,0.0,0.0,0.0,0.0,0.0,0.0,0.0,0.0,0.0,0.0,0.0,0.0,0,0,0,0,0,0,0,0,0,0,0,0,0,0,0,0,C14 Laves（六方）,0,0,0,0,0,0,0,0,0,0,0,0,0,1,1,0,0,0,0,0,0,0,0,0,0,0,0,0,0,0,0,0
298,5.0,2,2.07,4.8993,8.0391,167.12,30.51,15.25,49.15,0.0,3.39,1.69,0.0,0.0,0.0,0.0,0.0,0.0,0.0,0.0,0.0,0.0,0.0,0.0,0.0,0.0,0.0,0,0,0,0,0,0,0,0,0,0,0,0,0,0,0,0,C14 Laves（六方）,0,0,0,0,0,0,0,0,0,0,0,0,0,1,1,0,0,0,0,0,0,0,0,0,0,0,0,0,0,0,0,0
298,5.0,2,2.13,4.8997,8.0386,167.13,30.51,15.25,47.46,0.0,3.39,3.39,0.0,0.0,0.0,0.0,0.0,0.0,0.0,0.0,0.0,0.0,0.0,0.0,0.0,0.0,0.0,0,0,0,0,0,0,0,0,0,0,0,0,0,0,0,0,C14 Laves（六方）,0,0,0,0,0,0,0,0,0,0,0,0,0,1,1,0,0,0,0,0,0,0,0,0,0,0,0,0,0,0,0,0
298,5.0,2,2.16,4.9006,8.0398,167.22,30.51,15.25,45.76,0.0,3.39,5.08,0.0,0.0,0.0,0.0,0.0,0.0,0.0,0.0,0.0,0.0,0.0,0.0,0.0,0.0,0.0,0,0,0,0,0,0,0,0,0,0,0,0,0,0,0,0,C14 Laves（六方）,0,0,0,0,0,0,0,0,0,0,0,0,0,1,1,0,0,0,0,0,0,0,0,0,0,0,0,0,0,0,0,0
298,5.0,2,2.21,4.9017,8.042,167.34,30.51,15.25,44.07,0.0,3.39,6.78,0.0,0.0,0.0,0.0,0.0,0.0,0.0,0.0,0.0,0.0,0.0,0.0,0.0,0.0,0.0,0,0,0,0,0,0,0,0,0,0,0,0,0,0,0,0,C14 Laves（六方）,0,0,0,0,0,0,0,0,0,0,0,0,0,1,1,0,0,0,0,0,0,0,0,0,0,0,0,0,0,0,0,0
303,5.0,2,2.08,4.8999,8.0411,167.2,30.51,15.25,50.85,0.0,3.39,0.0,0.0,0.0,0.0,0.0,0.0,0.0,0.0,0.0,0.0,0.0,0.0,0.0,0.0,0.0,0.0,0,0,0,0,0,0,0,0,0,0,0,0,0,0,0,0,C14 Laves（六方）,0,0,0,0,0,0,0,0,0,0,0,0,0,1,1,0,0,0,0,0,0,0,0,0,0,0,0,0,0,0,0,0
303,5.0,2,2.13,4.8976,8.0353,166.96,30.51,15.25,49.15,0.0,3.39,0.0,1.69,0.0,0.0,0.0,0.0,0.0,0.0,0.0,0.0,0.0,0.0,0.0,0.0,0.0,0.0,0,0,0,0,0,0,0,0,0,0,0,0,0,0,0,0,C14 Laves（六方）,0,0,0,0,0,0,0,0,0,0,0,0,0,1,1,0,0,0,0,0,0,0,0,0,0,0,0,0,0,0,0,0
303,5.0,2,2.11,4.898,8.0359,166.9,30.51,15.25,47.46,0.0,3.39,0.0,3.39,0.0,0.0,0.0,0.0,0.0,0.0,0.0,0.0,0.0,0.0,0.0,0.0,0.0,0.0,0,0,0,0,0,0,0,0,0,0,0,0,0,0,0,0,C14 Laves（六方）,0,0,0,0,0,0,0,0,0,0,0,0,0,1,1,0,0,0,0,0,0,0,0,0,0,0,0,0,0,0,0,0
303,5.0,2,2.1,4.8973,8.0303,166.88,30.51,15.25,45.76,0.0,3.39,0.0,5.08,0.0,0.0,0.0,0.0,0.0,0.0,0.0,0.0,0.0,0.0,0.0,0.0,0.0,0.0,0,0,0,0,0,0,0,0,0,0,0,0,0,0,0,0,C14 Laves（六方）,0,0,0,0,0,0,0,0,0,0,0,0,0,1,1,0,0,0,0,0,0,0,0,0,0,0,0,0,0,0,0,0
303,5.0,2,2.09,4.8983,8.0313,166.8,30.51,15.25,44.07,0.0,3.39,0.0,6.78,0.0,0.0,0.0,0.0,0.0,0.0,0.0,0.0,0.0,0.0,0.0,0.0,0.0,0.0,0,0,0,0,0,0,0,0,0,0,0,0,0,0,0,0,C14 Laves（六方）,0,0,0,0,0,0,0,0,0,0,0,0,0,0,1,0,0,0,0,0,0,0,0,0,0,0,0,0,0,0,0,0
298,2.5,2,1.9,4.9742,8.1628,174.56,16.67,0.0,33.33,0.0,16.67,33.33,0.0,0.0,0.0,0.0,0.0,0.0,0.0,0.0,0.0,0.0,0.0,0.0,0.0,0.0,0.0,0,0,0,0,0,0,0,0,0,0,0,0,0,0,0,0,C14 Laves（六方）,0,0,0,0,0,0,0,0,0,0,0,0,0,0,1,0,0,0,0,0,0,0,0,0,0,0,0,0,0,0,0,0
298,3.8,2,1.5,4.951,8.1347,172.64,11.04,0.0,33.44,0.0,11.04,33.44,0.0,11.04,0.0,0.0,0.0,0.0,0.0,0.0,0.0,0.0,0.0,0.0,0.0,0.0,0.0,0,0,0,0,0,0,0,0,0,0,0,0,0,0,0,0,C14 Laves（六方）,0,0,0,0,0,0,0,0,0,0,0,0,0,0,1,0,0,0,0,0,0,0,0,0,0,0,0,0,0,0,0,0
274,5.0,2,1.65,4.8714,7.9902,164.2,33.28,0.0,9.51,0.0,3.33,34.87,19.02,0.0,0.0,0.0,0.0,0.0,0.0,0.0,0.0,0.0,0.0,0.0,0.0,0.0,0.0,0,0,0,0,0,0,0,0,0,0,0,0,0,0,0,0,C14 Laves（六方）,0,0,0,0,0,0,0,0,0,0,0,0,0,0,1,0,0,0,0,0,0,0,0,0,0,0,0,0,0,0,0,0
274,5.0,2,1.79,4.8771,7.9997,164.8,34.27,0.0,9.35,0.0,3.43,34.27,18.69,0.0,0.0,0.0,0.0,0.0,0.0,0.0,0.0,0.0,0.0,0.0,0.0,0.0,0.0,0,0,0,0,0,0,0,0,0,0,0,0,0,0,0,0,C14 Laves（六方）,0,0,0,0,0,0,0,0,0,0,0,0,0,0,1,0,0,0,0,0,0,0,0,0,0,0,0,0,0,0,0,0
274,5.0,2,1.71,4.8791,8.0037,165.0,35.22,0.0,9.19,0.0,3.52,33.69,18.38,0.0,0.0,0.0,0.0,0.0,0.0,0.0,0.0,0.0,0.0,0.0,0.0,0.0,0.0,0,0,0,0,0,0,0,0,0,0,0,0,0,0,0,0,C14 Laves（六方）,0,0,0,0,0,0,0,0,0,0,0,0,0,0,1,0,0,0,0,0,0,0,0,0,0,0,0,0,0,0,0,0
274,5.0,2,1.68,4.8802,8.0023,165.1,36.14,0.0,9.04,0.0,3.61,33.13,18.07,0.0,0.0,0.0,0.0,0.0,0.0,0.0,0.0,0.0,0.0,0.0,0.0,0.0,0.0,0,0,0,0,0,0,0,0,0,0,0,0,0,0,0,0,C14 Laves（六方）,0,0,0,0,0,0,0,0,0,0,0,0,0,0,1,0,0,0,0,0,0,0,0,0,0,0,0,0,0,0,0,0
274,5.0,2,1.79,4.8771,7.9997,164.8,34.27,0.0,9.35,0.0,3.43,34.27,18.69,0.0,0.0,0.0,0.0,0.0,0.0,0.0,0.0,0.0,0.0,0.0,0.0,0.0,0.0,0,0,0,0,0,0,0,0,0,0,0,0,0,0,0,0,C14 Laves（六方）,0,0,0,0,0,0,0,0,0,0,0,0,0,0,1,0,0,0,0,0,0,0,0,0,0,0,0,0,0,0,0,0
274,5.0,2,1.92,4.8882,8.0168,165.9,34.27,0.0,9.35,0.0,3.43,40.5,12.46,0.0,0.0,0.0,0.0,0.0,0.0,0.0,0.0,0.0,0.0,0.0,0.0,0.0,0.0,0,0,0,0,0,0,0,0,0,0,0,0,0,0,0,0,C14 Laves（六方）,0,0,0,0,0,0,0,0,0,0,0,0,0,0,1,0,0,0,0,0,0,0,0,0,0,0,0,0,0,0,0,0
274,5.0,2,2.0,4.8965,8.0255,166.6,34.27,0.0,9.35,0.0,3.43,46.73,6.23,0.0,0.0,0.0,0.0,0.0,0.0,0.0,0.0,0.0,0.0,0.0,0.0,0.0,0.0,0,0,0,0,0,0,0,0,0,0,0,0,0,0,0,0,C14 Laves（六方）,0,0,0,0,0,0,0,0,0,0,0,0,0,0,1,0,0,0,0,0,0,0,0,0,0,0,0,0,0,0,0,0
243,10.0,2,1.81,4.8626,7.9801,163.41,33.33,0.0,26.67,0.0,0.0,40.0,0.0,0.0,0.0,0.0,0.0,0.0,0.0,0.0,0.0,0.0,0.0,0.0,0.0,0.0,0.0,0,0,0,0,0,0,0,0,0,0,0,0,0,0,0,0,C14 Laves（六方）,0,0,0,0,0,0,0,0,0,0,0,0,0,0,1,0,0,0,0,0,0,0,0,0,0,0,0,0,0,0,0,0
243,10.0,2,1.83,4.8659,7.9854,163.75,33.88,0.0,26.45,0.0,0.0,39.67,0.0,0.0,0.0,0.0,0.0,0.0,0.0,0.0,0.0,0.0,0.0,0.0,0.0,0.0,0.0,0,0,0,0,0,0,0,0,0,0,0,0,0,0,0,0,C14 Laves（六方）,0,0,0,0,0,0,0,0,0,0,0,0,0,0,1,0,0,0,0,0,0,0,0,0,0,0,0,0,0,0,0,0
243,10.0,2,1.86,4.867,7.9877,163.87,34.43,0.0,26.23,0.0,0.0,39.34,0.0,0.0,0.0,0.0,0.0,0.0,0.0,0.0,0.0,0.0,0.0,0.0,0.0,0.0,0.0,0,0,0,0,0,0,0,0,0,0,0,0,0,0,0,0,C14 Laves（六方）,0,0,0,0,0,0,0,0,0,0,0,0,0,0,1,0,0,0,0,0,0,0,0,0,0,0,0,0,0,0,0,0
243,10.0,2,1.88,4.8678,7.9874,163.91,34.96,0.0,26.02,0.0,0.0,39.02,0.0,0.0,0.0,0.0,0.0,0.0,0.0,0.0,0.0,0.0,0.0,0.0,0.0,0.0,0.0,0,0,0,0,0,0,0,0,0,0,0,0,0,0,0,0,C14 Laves（六方）,0,0,0,0,0,0,0,0,0,0,0,0,0,0,1,0,0,0,0,0,0,0,0,0,0,0,0,0,0,0,0,0
243,10.0,2,1.92,4.8693,7.9891,164.05,35.48,0.0,25.81,0.0,0.0,38.71,0.0,0.0,0.0,0.0,0.0,0.0,0.0,0.0,0.0,0.0,0.0,0.0,0.0,0.0,0.0,0,0,0,0,0,0,0,0,0,0,0,0,0,0,0,0,C14 Laves（六方）,0,0,0,0,0,0,0,0,0,0,0,0,0,0,1,0,0,0,0,0,0,0,0,0,0,0,0,0,0,0,0,0
283,10.0,2,1.83,4.8693,7.9891,164.05,35.48,0.0,25.81,0.0,0.0,38.71,0.0,0.0,0.0,0.0,0.0,0.0,0.0,0.0,0.0,0.0,0.0,0.0,0.0,0.0,0.0,0,0,0,0,0,0,0,0,0,0,0,0,0,0,0,0,C14 Laves（六方）,0,0,0,0,0,0,0,0,0,0,0,0,0,0,1,0,0,0,0,0,0,0,0,0,0,0,0,0,0,0,0,0
283,10.0,2,1.62,4.8818,8.0099,165.32,33.87,0.0,25.81,0.0,1.61,38.71,0.0,0.0,0.0,0.0,0.0,0.0,0.0,0.0,0.0,0.0,0.0,0.0,0.0,0.0,0.0,0,0,0,0,0,0,0,0,0,0,0,0,0,0,0,0,C14 Laves（六方）,0,0,0,0,0,0,0,0,0,0,0,0,0,0,1,0,0,0,0,0,0,0,0,0,0,0,0,0,0,0,0,0
283,10.0,2,1.75,4.8922,8.0269,166.37,32.26,0.0,25.81,0.0,3.23,38.71,0.0,0.0,0.0,0.0,0.0,0.0,0.0,0.0,0.0,0.0,0.0,0.0,0.0,0.0,0.0,0,0,0,0,0,0,0,0,0,0,0,0,0,0,0,0,C14 Laves（六方）,0,0,0,0,0,0,0,0,0,0,0,0,0,0,1,0,0,0,0,0,0,0,0,0,0,0,0,0,0,0,0,0
283,10.0,2,1.69,4.9043,8.0467,167.61,30.65,0.0,25.81,0.0,4.84,38.71,0.0,0.0,0.0,0.0,0.0,0.0,0.0,0.0,0.0,0.0,0.0,0.0,0.0,0.0,0.0,0,0,0,0,0,0,0,0,0,0,0,0,0,0,0,0,C14 Laves（六方）,0,0,0,0,0,0,0,0,0,0,0,0,0,0,1,0,0,0,0,0,0,0,0,0,0,0,0,0,0,0,0,0
283,10.0,2,1.81,4.9165,8.066,168.85,29.03,0.0,25.81,0.0,6.45,38.71,0.0,0.0,0.0,0.0,0.0,0.0,0.0,0.0,0.0,0.0,0.0,0.0,0.0,0.0,0.0,0,0,0,0,0,0,0,0,0,0,0,0,0,0,0,0,C14 Laves（六方）,0,0,0,0,0,0,0,0,0,0,0,0,0,0,1,0,0,0,0,0,0,0,0,0,0,0,0,0,0,0,0,0
283,10.0,2,1.85,4.925,8.0803,169.74,27.42,0.0,25.81,0.0,8.06,38.71,0.0,0.0,0.0,0.0,0.0,0.0,0.0,0.0,0.0,0.0,0.0,0.0,0.0,0.0,0.0,0,0,0,0,0,0,0,0,0,0,0,0,0,0,0,0,C14 Laves（六方）,0,0,0,0,0,0,0,0,0,0,0,0,0,0,1,0,0,0,0,0,0,0,0,0,0,0,0,0,0,0,0,0
243,10.0,2,1.92,4.8693,7.9891,164.05,35.48,0.0,25.81,0.0,0.0,38.71,0.0,0.0,0.0,0.0,0.0,0.0,0.0,0.0,0.0,0.0,0.0,0.0,0.0,0.0,0.0,0,0,0,0,0,0,0,0,0,0,0,0,0,0,0,0,C14 Laves（六方）,0,0,0,0,0,0,0,0,0,0,0,0,0,0,1,0,1,0,0,0,0,0,0,0,0,0,0,0,0,0,0,0
243,10.0,2,1.75,4.8701,7.9877,164.07,35.48,0.0,22.58,0.0,0.0,38.71,0.0,0.0,3.23,0.0,0.0,0.0,0.0,0.0,0.0,0.0,0.0,0.0,0.0,0.0,0.0,0,0,0,0,0,0,0,0,0,0,0,0,0,0,0,0,C14 Laves（六方）,0,0,0,0,0,0,0,0,0,0,0,0,0,0,1,0,1,0,0,0,0,0,0,0,0,0,0,0,0,0,0,0
243,10.0,2,1.63,4.8746,7.9926,164.47,35.48,0.0,19.35,0.0,0.0,38.71,0.0,0.0,6.45,0.0,0.0,0.0,0.0,0.0,0.0,0.0,0.0,0.0,0.0,0.0,0.0,0,0,0,0,0,0,0,0,0,0,0,0,0,0,0,0,C14 Laves（六方）,0,0,0,0,0,0,0,0,0,0,0,0,0,0,1,0,1,0,0,0,0,0,0,0,0,0,0,0,0,0,0,0
243,10.0,2,1.46,4.8788,7.9955,164.82,35.48,0.0,16.13,0.0,0.0,38.71,0.0,0.0,9.68,0.0,0.0,0.0,0.0,0.0,0.0,0.0,0.0,0.0,0.0,0.0,0.0,0,0,0,0,0,0,0,0,0,0,0,0,0,0,0,0,C14 Laves（六方）,0,0,0,0,0,0,0,0,0,0,0,0,0,0,1,0,1,0,0,0,0,0,0,0,0,0,0,0,0,0,0,0
243,10.0,2,1.72,4.868,7.9858,163.89,35.48,0.0,25.81,0.0,0.0,35.48,0.0,0.0,3.23,0.0,0.0,0.0,0.0,0.0,0.0,0.0,0.0,0.0,0.0,0.0,0.0,0,0,0,0,0,0,0,0,0,0,0,0,0,0,0,0,C14 Laves（六方）,0,0,0,0,0,0,0,0,0,0,0,0,0,0,1,0,1,0,0,0,0,0,0,0,0,0,0,0,0,0,0,0
243,10.0,2,1.65,4.8673,7.9857,163.84,35.48,0.0,25.81,0.0,0.0,32.26,0.0,0.0,6.45,0.0,0.0,0.0,0.0,0.0,0.0,0.0,0.0,0.0,0.0,0.0,0.0,0,0,0,0,0,0,0,0,0,0,0,0,0,0,0,0,C14 Laves（六方）,0,0,0,0,0,0,0,0,0,0,0,0,0,0,1,0,1,0,0,0,0,0,0,0,0,0,0,0,0,0,0,0
243,10.0,2,1.48,4.8667,7.9844,163.78,35.48,0.0,25.81,0.0,0.0,29.03,0.0,0.0,9.68,0.0,0.0,0.0,0.0,0.0,0.0,0.0,0.0,0.0,0.0,0.0,0.0,0,0,0,0,0,0,0,0,0,0,0,0,0,0,0,0,C14 Laves（六方）,0,0,0,0,0,0,0,0,0,0,0,0,0,0,1,0,0,0,0,0,0,0,0,0,0,0,0,0,0,0,0,0
243,10.0,2,1.92,4.8693,7.9891,164.05,35.48,0.0,25.81,0.0,0.0,38.71,0.0,0.0,0.0,0.0,0.0,0.0,0.0,0.0,0.0,0.0,0.0,0.0,0.0,0.0,0.0,0,0,0,0,0,0,0,0,0,0,0,0,0,0,0,0,C14 Laves（六方）,0,0,0,0,0,0,0,0,0,0,0,0,0,0,1,0,0,0,0,0,0,0,0,0,0,0,0,0,0,0,0,0
243,10.0,2,1.71,4.8824,8.0021,165.2,35.48,0.0,24.19,0.0,0.0,38.71,0.0,0.0,0.0,1.61,0.0,0.0,0.0,0.0,0.0,0.0,0.0,0.0,0.0,0.0,0.0,0,0,0,0,0,0,0,0,0,0,0,0,0,0,0,0,C14 Laves（六方）,0,0,0,0,0,0,0,0,0,0,0,0,0,0,1,0,0,0,0,0,0,0,0,0,0,0,0,0,0,0,0,0
243,10.0,2,1.42,4.8918,8.0092,165.98,35.48,0.0,22.58,0.0,0.0,38.71,0.0,0.0,0.0,3.23,0.0,0.0,0.0,0.0,0.0,0.0,0.0,0.0,0.0,0.0,0.0,0,0,0,0,0,0,0,0,0,0,0,0,0,0,0,0,C14 Laves（六方）,0,0,0,0,0,0,0,0,0,0,0,0,0,0,1,0,0,0,0,0,0,0,0,0,0,0,0,0,0,0,0,0
243,10.0,2,1.58,4.8984,8.0136,166.52,35.48,0.0,20.97,0.0,0.0,38.71,0.0,0.0,0.0,4.84,0.0,0.0,0.0,0.0,0.0,0.0,0.0,0.0,0.0,0.0,0.0,0,0,0,0,0,0,0,0,0,0,0,0,0,0,0,0,C14 Laves（六方）,0,0,0,0,0,0,0,0,0,0,0,0,0,0,1,0,0,0,0,0,0,0,0,0,0,0,0,0,0,0,0,0
243,10.0,2,1.77,4.8829,8.0051,165.29,35.48,0.0,25.81,0.0,0.0,37.1,0.0,0.0,0.0,1.61,0.0,0.0,0.0,0.0,0.0,0.0,0.0,0.0,0.0,0.0,0.0,0,0,0,0,0,0,0,0,0,0,0,0,0,0,0,0,C14 Laves（六方）,0,0,0,0,0,0,0,0,0,0,0,0,0,0,1,0,0,0,0,0,0,0,0,0,0,0,0,0,0,0,0,0
243,10.0,2,1.49,4.8852,8.0013,165.37,35.48,0.0,25.81,0.0,0.0,35.48,0.0,0.0,0.0,3.23,0.0,0.0,0.0,0.0,0.0,0.0,0.0,0.0,0.0,0.0,0.0,0,0,0,0,0,0,0,0,0,0,0,0,0,0,0,0,C14 Laves（六方）,0,0,0,0,0,0,0,0,0,0,0,0,0,0,1,0,0,0,0,0,0,0,0,0,0,0,0,0,0,0,0,0
243,10.0,2,1.4,4.8936,8.0093,166.1,35.48,0.0,25.81,0.0,0.0,33.87,0.0,0.0,0.0,4.84,0.0,0.0,0.0,0.0,0.0,0.0,0.0,0.0,0.0,0.0,0.0,0,0,0,0,0,0,0,0,0,0,0,0,0,0,0,0,C14 Laves（六方）,0,0,0,0,0,0,0,0,0,0,0,0,0,0,1,0,1,0,0,0,0,0,0,0,0,0,0,0,0,0,0,0
243,10.0,2,1.75,4.8701,7.9877,164.07,35.48,0.0,22.58,0.0,0.0,38.71,0.0,0.0,3.23,0.0,0.0,0.0,0.0,0.0,0.0,0.0,0.0,0.0,0.0,0.0,0.0,0,0,0,0,0,0,0,0,0,0,0,0,0,0,0,0,C14 Laves（六方）,0,0,0,0,0,0,0,0,0,0,0,0,0,0,1,0,1,0,0,0,0,0,0,0,0,0,0,0,0,0,0,0
243,10.0,2,1.79,4.8783,8.0032,164.94,33.87,0.0,22.58,0.0,1.61,38.71,0.0,0.0,3.23,0.0,0.0,0.0,0.0,0.0,0.0,0.0,0.0,0.0,0.0,0.0,0.0,0,0,0,0,0,0,0,0,0,0,0,0,0,0,0,0,C14 Laves（六方）,0,0,0,0,0,0,0,0,0,0,0,0,0,0,1,0,1,0,0,0,0,0,0,0,0,0,0,0,0,0,0,0
243,10.0,2,1.87,4.8917,8.0242,166.28,32.26,0.0,22.58,0.0,3.23,38.71,0.0,0.0,3.23,0.0,0.0,0.0,0.0,0.0,0.0,0.0,0.0,0.0,0.0,0.0,0.0,0,0,0,0,0,0,0,0,0,0,0,0,0,0,0,0,C14 Laves（六方）,0,0,0,0,0,0,0,0,0,0,0,0,0,0,1,0,1,0,0,0,0,0,0,0,0,0,0,0,0,0,0,0
243,10.0,2,1.85,4.9002,8.0389,167.17,30.65,0.0,22.58,0.0,4.84,38.71,0.0,0.0,3.23,0.0,0.0,0.0,0.0,0.0,0.0,0.0,0.0,0.0,0.0,0.0,0.0,0,0,0,0,0,0,0,0,0,0,0,0,0,0,0,0,C14 Laves（六方）,0,0,0,0,0,0,0,0,0,0,0,0,0,0,1,0,0,0,0,0,0,0,0,0,0,0,0,0,0,0,0,0
243,10.0,2,1.77,4.8829,8.0051,165.29,35.48,0.0,25.81,0.0,0.0,37.1,0.0,0.0,0.0,1.61,0.0,0.0,0.0,0.0,0.0,0.0,0.0,0.0,0.0,0.0,0.0,0,0,0,0,0,0,0,0,0,0,0,0,0,0,0,0,C14 Laves（六方）,0,0,0,0,0,0,0,0,0,0,0,0,0,0,1,0,0,0,0,0,0,0,0,0,0,0,0,0,0,0,0,0
243,10.0,2,1.82,4.885,8.01,165.54,33.87,0.0,25.81,0.0,1.61,37.1,0.0,0.0,0.0,1.61,0.0,0.0,0.0,0.0,0.0,0.0,0.0,0.0,0.0,0.0,0.0,0,0,0,0,0,0,0,0,0,0,0,0,0,0,0,0,C14 Laves（六方）,0,0,0,0,0,0,0,0,0,0,0,0,0,0,1,0,0,0,0,0,0,0,0,0,0,0,0,0,0,0,0,0
243,10.0,2,1.88,4.8926,8.0272,166.41,32.26,0.0,25.81,0.0,3.23,37.1,0.0,0.0,0.0,1.61,0.0,0.0,0.0,0.0,0.0,0.0,0.0,0.0,0.0,0.0,0.0,0,0,0,0,0,0,0,0,0,0,0,0,0,0,0,0,C14 Laves（六方）,0,0,0,0,0,0,0,0,0,0,0,0,0,0,1,0,0,0,0,0,0,0,0,0,0,0,0,0,0,0,0,0
298,5.0,2,1.79,4.9505,8.1287,172.52,20.0,0.0,46.67,0.0,13.33,20.0,0.0,0.0,0.0,0.0,0.0,0.0,0.0,0.0,0.0,0.0,0.0,0.0,0.0,0.0,0.0,0,0,0,0,0,0,0,0,0,0,0,0,0,0,0,0,C14 Laves（六方）,0,0,0,0,0,0,0,0,0,0,0,0,0,0,1,0,0,0,0,0,0,0,0,0,0,0,0,0,0,0,0,0
323,5.0,2,1.69,4.9505,8.1287,172.52,20.0,0.0,46.67,0.0,13.33,20.0,0.0,0.0,0.0,0.0,0.0,0.0,0.0,0.0,0.0,0.0,0.0,0.0,0.0,0.0,0.0,0,0,0,0,0,0,0,0,0,0,0,0,0,0,0,0,C14 Laves（六方）,0,0,0,0,0,0,0,0,0,0,0,0,0,0,1,0,0,0,0,0,0,0,0,0,0,0,0,0,0,0,0,0
348,5.0,2,1.59,4.9505,8.1287,172.52,20.0,0.0,46.67,0.0,13.33,20.0,0.0,0.0,0.0,0.0,0.0,0.0,0.0,0.0,0.0,0.0,0.0,0.0,0.0,0.0,0.0,0,0,0,0,0,0,0,0,0,0,0,0,0,0,0,0,C14 Laves（六方）,0,0,0,0,0,0,0,1,0,0,0,0,0,0,1,0,0,0,0,0,0,0,0,0,0,0,0,0,0,0,0,1
298,5.0,2,1.95,4.9517,8.1311,172.66,19.6,0.0,46.67,0.0,13.33,20.0,0.0,0.0,0.0,0.0,0.4,0.0,0.0,0.0,0.0,0.0,0.0,0.0,0.0,0.0,0.0,0,0,0,0,0,0,0,0,0,0,0,0,0,0,0,0,C14 Laves（六方）,0,0,0,0,0,0,0,1,0,0,0,0,0,0,1,0,0,0,0,0,0,0,0,0,0,0,0,0,0,0,0,1
323,5.0,2,1.88,4.9517,8.1311,172.66,19.6,0.0,46.67,0.0,13.33,20.0,0.0,0.0,0.0,0.0,0.4,0.0,0.0,0.0,0.0,0.0,0.0,0.0,0.0,0.0,0.0,0,0,0,0,0,0,0,0,0,0,0,0,0,0,0,0,C14 Laves（六方）,0,0,0,0,0,0,0,1,0,0,0,0,0,0,1,0,0,0,0,0,0,0,0,0,0,0,0,0,0,0,0,1
348,5.0,2,1.81,4.9517,8.1311,172.66,19.6,0.0,46.67,0.0,13.33,20.0,0.0,0.0,0.0,0.0,0.4,0.0,0.0,0.0,0.0,0.0,0.0,0.0,0.0,0.0,0.0,0,0,0,0,0,0,0,0,0,0,0,0,0,0,0,0,C14 Laves（六方）,0,0,0,0,0,0,0,1,0,0,0,0,0,0,1,0,0,0,0,0,0,0,0,0,0,0,0,0,0,0,0,1
298,5.0,2,1.96,4.9518,8.1313,172.67,19.0,0.0,46.67,0.0,13.33,20.0,0.0,0.0,0.0,0.0,1.0,0.0,0.0,0.0,0.0,0.0,0.0,0.0,0.0,0.0,0.0,0,0,0,0,0,0,0,0,0,0,0,0,0,0,0,0,C14 Laves（六方）,0,0,0,0,0,0,0,1,0,0,0,0,0,0,1,0,0,0,0,0,0,0,0,0,0,0,0,0,0,0,0,1
323,5.0,2,1.88,4.9518,8.1313,172.67,19.0,0.0,46.67,0.0,13.33,20.0,0.0,0.0,0.0,0.0,1.0,0.0,0.0,0.0,0.0,0.0,0.0,0.0,0.0,0.0,0.0,0,0,0,0,0,0,0,0,0,0,0,0,0,0,0,0,C14 Laves（六方）,0,0,0,0,0,0,0,1,0,0,0,0,0,0,1,0,0,0,0,0,0,0,0,0,0,0,0,0,0,0,0,1
348,5.0,2,1.81,4.9518,8.1313,172.67,19.0,0.0,46.67,0.0,13.33,20.0,0.0,0.0,0.0,0.0,1.0,0.0,0.0,0.0,0.0,0.0,0.0,0.0,0.0,0.0,0.0,0,0,0,0,0,0,0,0,0,0,0,0,0,0,0,0,C14 Laves（六方）,0,0,0,0,0,0,0,1,0,0,0,0,0,0,1,0,0,0,0,0,0,0,0,0,0,0,0,0,0,0,0,1
298,5.0,2,1.98,4.9537,8.1393,172.97,18.4,0.0,46.67,0.0,13.33,20.0,0.0,0.0,0.0,0.0,1.6,0.0,0.0,0.0,0.0,0.0,0.0,0.0,0.0,0.0,0.0,0,0,0,0,0,0,0,0,0,0,0,0,0,0,0,0,C14 Laves（六方）,0,0,0,0,0,0,0,1,0,0,0,0,0,0,1,0,0,0,0,0,0,0,0,0,0,0,0,0,0,0,0,1
323,5.0,2,1.91,4.9537,8.1393,172.97,18.4,0.0,46.67,0.0,13.33,20.0,0.0,0.0,0.0,0.0,1.6,0.0,0.0,0.0,0.0,0.0,0.0,0.0,0.0,0.0,0.0,0,0,0,0,0,0,0,0,0,0,0,0,0,0,0,0,C14 Laves（六方）,0,0,0,0,0,0,0,1,0,0,0,0,0,0,1,0,0,0,0,0,0,0,0,0,0,0,0,0,0,0,0,1
348,5.0,2,1.84,4.9537,8.1393,172.97,18.4,0.0,46.67,0.0,13.33,20.0,0.0,0.0,0.0,0.0,1.6,0.0,0.0,0.0,0.0,0.0,0.0,0.0,0.0,0.0,0.0,0,0,0,0,0,0,0,0,0,0,0,0,0,0,0,0,C14 Laves（六方）,0,0,0,0,0,0,0,1,0,0,0,0,0,0,1,0,0,0,0,0,0,0,0,0,0,0,0,0,0,0,0,1
298,5.0,2,1.9,4.9557,8.1486,173.31,18.0,0.0,46.67,0.0,13.33,20.0,0.0,0.0,0.0,0.0,2.0,0.0,0.0,0.0,0.0,0.0,0.0,0.0,0.0,0.0,0.0,0,0,0,0,0,0,0,0,0,0,0,0,0,0,0,0,C14 Laves（六方）,0,0,0,0,0,0,0,1,0,0,0,0,0,0,1,0,0,0,0,0,0,0,0,0,0,0,0,0,0,0,0,1
323,5.0,2,1.84,4.9557,8.1486,173.31,18.0,0.0,46.67,0.0,13.33,20.0,0.0,0.0,0.0,0.0,2.0,0.0,0.0,0.0,0.0,0.0,0.0,0.0,0.0,0.0,0.0,0,0,0,0,0,0,0,0,0,0,0,0,0,0,0,0,C14 Laves（六方）,0,0,0,0,0,0,0,1,0,0,0,0,0,0,1,0,0,0,0,0,0,0,0,0,0,0,0,0,0,0,0,1
298,5.0,2,1.98,4.9537,8.1393,172.97,18.4,0.0,46.67,0.0,13.33,20.0,0.0,0.0,0.0,0.0,1.6,0.0,0.0,0.0,0.0,0.0,0.0,0.0,0.0,0.0,0.0,0,0,0,0,0,0,0,0,0,0,0,0,0,0,0,0,C14 Laves（六方）,0,0,0,0,0,0,0,0,0,0,0,0,0,1,1,0,0,0,0,0,0,0,0,0,0,0,0,0,0,0,0,0
303,5.0,2,2.01,4.9828,8.0438,172.92,33.9,15.25,50.85,0.0,0.0,0.0,0.0,0.0,0.0,0.0,0.0,0.0,0.0,0.0,0.0,0.0,0.0,0.0,0.0,0.0,0.0,0,0,0,0,0,0,0,0,0,0,0,0,0,0,0,0,C14 Laves（六方）,0,0,0,0,0,0,0,0,0,0,0,0,0,1,1,0,0,0,0,0,0,0,0,0,0,0,0,0,0,0,0,0
303,5.0,2,2.06,4.9901,8.0482,173.53,33.9,15.25,50.85,0.0,0.0,0.0,0.0,0.0,0.0,0.0,0.0,0.0,0.0,0.0,0.0,0.0,0.0,0.0,0.0,0.0,0.0,0,0,0,0,0,0,0,0,0,0,0,0,0,0,0,0,C14 Laves（六方）,0,0,0,0,0,0,0,0,0,0,0,0,0,1,1,0,0,0,0,0,0,0,0,0,0,0,0,0,0,0,0,0
303,5.0,2,2.09,4.9918,8.0495,173.68,33.9,15.25,50.85,0.0,0.0,0.0,0.0,0.0,0.0,0.0,0.0,0.0,0.0,0.0,0.0,0.0,0.0,0.0,0.0,0.0,0.0,0,0,0,0,0,0,0,0,0,0,0,0,0,0,0,0,C14 Laves（六方）,0,0,0,0,0,0,0,0,0,0,0,0,0,1,1,0,0,0,0,0,0,0,0,0,0,0,0,0,0,0,0,0
303,5.0,2,2.06,4.9925,8.0499,173.73,33.9,15.25,50.85,0.0,0.0,0.0,0.0,0.0,0.0,0.0,0.0,0.0,0.0,0.0,0.0,0.0,0.0,0.0,0.0,0.0,0.0,0,0,0,0,0,0,0,0,0,0,0,0,0,0,0,0,C14 Laves（六方）,0,0,0,0,0,0,0,0,0,0,0,0,0,1,1,0,0,0,0,0,0,0,0,0,0,0,0,0,0,0,0,0
303,5.0,2,1.79,4.9997,8.0505,174.25,33.9,15.25,50.85,0.0,0.0,0.0,0.0,0.0,0.0,0.0,0.0,0.0,0.0,0.0,0.0,0.0,0.0,0.0,0.0,0.0,0.0,0,0,0,0,0,0,0,0,0,0,0,0,0,0,0,0,C14 Laves（六方）,0,0,0,0,0,0,0,0,0,0,0,0,0,1,1,0,0,0,0,0,0,0,0,0,0,0,0,0,0,0,0,0
298,3.0,1,1.26,4.961,8.068,171.98,21.0,0.0,0.0,0.0,21.0,0.0,41.0,0.0,0.0,0.0,0.0,17.0,0.0,0.0,0.0,0.0,0.0,0.0,0.0,0.0,0.0,0,0,0,0,0,0,0,0,0,0,0,0,0,0,0,0,C14 Laves（六方）,0,0,0,0,0,1,0,0,0,0,0,0,0,0,1,0,0,0,0,0,0,0,0,0,0,0,0,0,0,0,0,0
298,3.0,2,1.23,4.961,8.068,171.98,21.0,0.0,0.0,0.0,21.0,0.0,41.0,0.0,0.0,0.0,0.0,17.0,0.0,0.0,0.0,0.0,0.0,0.0,0.0,0.0,0.0,0,0,0,0,0,0,0,0,0,0,0,0,0,0,0,0,C14 Laves（六方）,0,0,0,0,0,1,0,0,0,0,0,0,0,0,1,0,0,0,0,0,0,0,0,0,0,0,0,0,0,0,0,0
298,3.0,1,1.58,4.974,8.088,173.31,21.0,4.8,0.0,0.0,21.0,0.0,29.6,0.0,0.0,0.0,0.0,23.6,0.0,0.0,0.0,0.0,0.0,0.0,0.0,0.0,0.0,0,0,0,0,0,0,0,0,0,0,0,0,0,0,0,0,C14 Laves（六方）,0,0,0,0,0,1,0,0,0,0,0,0,0,0,1,0,0,0,0,0,0,0,0,0,0,0,0,0,0,0,0,0
298,3.0,2,1.54,4.974,8.088,173.31,21.0,4.8,0.0,0.0,21.0,0.0,29.6,0.0,0.0,0.0,0.0,23.6,0.0,0.0,0.0,0.0,0.0,0.0,0.0,0.0,0.0,0,0,0,0,0,0,0,0,0,0,0,0,0,0,0,0,C14 Laves（六方）,0,0,0,0,0,1,0,0,0,0,0,0,0,0,1,0,0,0,0,0,0,0,0,0,0,0,0,0,0,0,0,0
298,3.0,1,1.64,4.989,8.126,175.18,21.0,10.4,0.0,0.0,21.0,0.0,17.4,0.0,0.0,0.0,0.0,30.2,0.0,0.0,0.0,0.0,0.0,0.0,0.0,0.0,0.0,0,0,0,0,0,0,0,0,0,0,0,0,0,0,0,0,C14 Laves（六方）,0,0,0,0,0,1,0,0,0,0,0,0,0,0,1,0,0,0,0,0,0,0,0,0,0,0,0,0,0,0,0,0
298,3.0,2,1.61,4.989,8.126,175.18,21.0,10.4,0.0,0.0,21.0,0.0,17.4,0.0,0.0,0.0,0.0,30.2,0.0,0.0,0.0,0.0,0.0,0.0,0.0,0.0,0.0,0,0,0,0,0,0,0,0,0,0,0,0,0,0,0,0,C14 Laves（六方）,0,0,0,0,0,1,0,0,0,0,0,0,0,0,1,0,0,0,0,0,0,0,0,0,0,0,0,0,0,0,0,0
298,3.0,1,1.66,5.005,8.16,177.06,21.0,14.0,0.0,0.0,21.0,0.0,4.3,0.0,0.0,0.0,0.0,39.7,0.0,0.0,0.0,0.0,0.0,0.0,0.0,0.0,0.0,0,0,0,0,0,0,0,0,0,0,0,0,0,0,0,0,C14 Laves（六方）,0,0,0,0,0,1,0,0,0,0,0,0,0,0,1,0,0,0,0,0,0,0,0,0,0,0,0,0,0,0,0,0
298,3.0,2,1.69,5.005,8.16,177.06,21.0,14.0,0.0,0.0,21.0,0.0,4.3,0.0,0.0,0.0,0.0,39.7,0.0,0.0,0.0,0.0,0.0,0.0,0.0,0.0,0.0,0,0,0,0,0,0,0,0,0,0,0,0,0,0,0,0,C14 Laves（六方）,0,0,0,0,0,1,0,0,0,0,0,0,0,0,1,0,0,0,0,0,0,0,0,0,0,0,0,0,0,0,0,0
303,3.0,1,1.38,4.961,8.068,171.98,21.0,0.0,0.0,0.0,21.0,0.0,41.0,0.0,0.0,0.0,0.0,17.0,0.0,0.0,0.0,0.0,0.0,0.0,0.0,0.0,0.0,0,0,0,0,0,0,0,0,0,0,0,0,0,0,0,0,C14 Laves（六方）,0,0,0,0,0,1,0,0,0,0,0,0,0,0,1,0,0,0,0,0,0,0,0,0,0,0,0,0,0,0,0,0
303,3.0,1,1.58,4.974,8.088,173.31,21.0,4.8,0.0,0.0,21.0,0.0,29.6,0.0,0.0,0.0,0.0,23.6,0.0,0.0,0.0,0.0,0.0,0.0,0.0,0.0,0.0,0,0,0,0,0,0,0,0,0,0,0,0,0,0,0,0,C14 Laves（六方）,0,0,0,0,0,1,0,0,0,0,0,0,0,0,1,0,0,0,0,0,0,0,0,0,0,0,0,0,0,0,0,0
303,3.0,1,1.67,4.989,8.126,175.18,21.0,10.4,0.0,0.0,21.0,0.0,17.4,0.0,0.0,0.0,0.0,30.2,0.0,0.0,0.0,0.0,0.0,0.0,0.0,0.0,0.0,0,0,0,0,0,0,0,0,0,0,0,0,0,0,0,0,C14 Laves（六方）,0,0,0,0,0,1,0,0,0,0,0,0,0,0,1,0,0,0,0,0,0,0,0,0,0,0,0,0,0,0,0,0
303,3.0,1,1.68,5.005,8.16,177.06,21.0,14.0,0.0,0.0,21.0,0.0,4.3,0.0,0.0,0.0,0.0,39.7,0.0,0.0,0.0,0.0,0.0,0.0,0.0,0.0,0.0,0,0,0,0,0,0,0,0,0,0,0,0,0,0,0,0,C14 Laves（六方）,0,0,0,0,0,1,0,0,0,0,0,0,0,0,1,0,0,0,0,0,0,0,0,0,0,0,0,0,0,0,0,0
303,3.0,2,1.12,4.961,8.068,171.98,21.0,0.0,0.0,0.0,21.0,0.0,41.0,0.0,0.0,0.0,0.0,17.0,0.0,0.0,0.0,0.0,0.0,0.0,0.0,0.0,0.0,0,0,0,0,0,0,0,0,0,0,0,0,0,0,0,0,C14 Laves（六方）,0,0,0,0,0,1,0,0,0,0,0,0,0,0,1,0,0,0,0,0,0,0,0,0,0,0,0,0,0,0,0,0
303,3.0,2,1.1,4.974,8.088,173.31,21.0,4.8,0.0,0.0,21.0,0.0,29.6,0.0,0.0,0.0,0.0,23.6,0.0,0.0,0.0,0.0,0.0,0.0,0.0,0.0,0.0,0,0,0,0,0,0,0,0,0,0,0,0,0,0,0,0,C14 Laves（六方）,0,0,0,0,0,1,0,0,0,0,0,0,0,0,1,0,0,0,0,0,0,0,0,0,0,0,0,0,0,0,0,0
303,3.0,2,0.91,4.989,8.126,175.18,21.0,10.4,0.0,0.0,21.0,0.0,17.4,0.0,0.0,0.0,0.0,30.2,0.0,0.0,0.0,0.0,0.0,0.0,0.0,0.0,0.0,0,0,0,0,0,0,0,0,0,0,0,0,0,0,0,0,C14 Laves（六方）,0,0,0,0,0,1,0,0,0,0,0,0,0,0,1,0,0,0,0,0,0,0,0,0,0,0,0,0,0,0,0,0
303,3.0,2,0.56,5.005,8.16,177.06,21.0,14.0,0.0,0.0,21.0,0.0,4.3,0.0,0.0,0.0,0.0,39.7,0.0,0.0,0.0,0.0,0.0,0.0,0.0,0.0,0.0,0,0,0,0,0,0,0,0,0,0,0,0,0,0,0,0,C14 Laves（六方）,0,0,0,0,0,1,0,0,0,0,0,0,0,0,1,0,0,0,0,0,0,0,0,0,0,0,0,0,0,0,0,0
298,3.0,1,1.37,4.961,8.068,171.98,21.0,0.0,0.0,0.0,21.0,0.0,41.0,0.0,0.0,0.0,0.0,17.0,0.0,0.0,0.0,0.0,0.0,0.0,0.0,0.0,0.0,0,0,0,0,0,0,0,0,0,0,0,0,0,0,0,0,C14 Laves（六方）,0,0,0,0,0,1,0,0,0,0,0,0,0,0,1,0,0,0,0,0,0,0,0,0,0,0,0,0,0,0,0,0
298,3.0,1,1.72,5.005,8.16,177.06,21.0,14.0,0.0,0.0,21.0,0.0,4.3,0.0,0.0,0.0,0.0,39.7,0.0,0.0,0.0,0.0,0.0,0.0,0.0,0.0,0.0,0,0,0,0,0,0,0,0,0,0,0,0,0,0,0,0,C14 Laves（六方）,0,0,0,0,0,1,0,0,0,0,0,0,0,0,1,0,0,0,0,0,0,0,0,0,0,0,0,0,0,0,0,0
298,3.0,2,1.2,4.961,8.068,171.98,21.0,0.0,0.0,0.0,21.0,0.0,41.0,0.0,0.0,0.0,0.0,17.0,0.0,0.0,0.0,0.0,0.0,0.0,0.0,0.0,0.0,0,0,0,0,0,0,0,0,0,0,0,0,0,0,0,0,C14 Laves（六方）,0,0,0,0,0,1,0,0,0,0,0,0,0,0,1,0,0,0,0,0,0,0,0,0,0,0,0,0,0,0,0,0
288,6.0,1,1.78,4.883,8.0181,165.57,32.26,0.0,38.71,0.0,3.23,25.81,0.0,0.0,0.0,0.0,0.0,0.0,0.0,0.0,0.0,0.0,0.0,0.0,0.0,0.0,0.0,0,0,0,0,0,0,0,0,0,0,0,0,0,0,0,0,C14 Laves（六方）,0,0,0,0,0,0,0,0,0,0,0,0,0,0,1,0,0,0,0,0,0,0,0,0,0,0,0,0,0,0,0,0
288,6.0,5,1.78,4.883,8.0181,165.57,32.26,0.0,38.71,0.0,3.23,25.81,0.0,0.0,0.0,0.0,0.0,0.0,0.0,0.0,0.0,0.0,0.0,0.0,0.0,0.0,0.0,0,0,0,0,0,0,0,0,0,0,0,0,0,0,0,0,C14 Laves（六方）,0,0,0,0,0,0,0,0,0,0,0,0,0,0,1,0,0,0,0,0,0,0,0,0,0,0,0,0,0,0,0,0
288,6.0,3,1.81,4.8873,8.0196,165.83,32.26,0.0,35.48,0.0,3.23,29.03,0.0,0.0,0.0,0.0,0.0,0.0,0.0,0.0,0.0,0.0,0.0,0.0,0.0,0.0,0.0,0,0,0,0,0,0,0,0,0,0,0,0,0,0,0,0,C14 Laves（六方）,0,0,0,0,0,0,0,0,0,0,0,0,0,0,1,0,0,0,0,0,0,0,0,0,0,0,0,0,0,0,0,0
288,6.0,3,1.83,4.89,8.0235,166.16,32.26,0.0,32.26,0.0,3.23,32.26,0.0,0.0,0.0,0.0,0.0,0.0,0.0,0.0,0.0,0.0,0.0,0.0,0.0,0.0,0.0,0,0,0,0,0,0,0,0,0,0,0,0,0,0,0,0,C14 Laves（六方）,0,0,0,0,0,0,0,0,0,0,0,0,0,0,1,0,0,0,0,0,0,0,0,0,0,0,0,0,0,0,0,0
288,6.0,3,1.85,4.8929,8.0329,166.55,32.26,0.0,29.03,0.0,3.23,35.48,0.0,0.0,0.0,0.0,0.0,0.0,0.0,0.0,0.0,0.0,0.0,0.0,0.0,0.0,0.0,0,0,0,0,0,0,0,0,0,0,0,0,0,0,0,0,C14 Laves（六方）,0,0,0,0,0,0,0,0,0,0,0,0,0,0,1,0,0,0,0,0,0,0,0,0,0,0,0,0,0,0,0,0
288,6.0,3,1.74,4.8953,8.0437,166.93,32.26,0.0,25.81,0.0,3.23,38.71,0.0,0.0,0.0,0.0,0.0,0.0,0.0,0.0,0.0,0.0,0.0,0.0,0.0,0.0,0.0,0,0,0,0,0,0,0,0,0,0,0,0,0,0,0,0,C14 Laves（六方）,0,0,0,0,0,0,0,0,0,0,0,0,0,0,1,0,0,0,0,0,0,0,0,0,0,0,0,0,0,0,0,0
288,7.0,4,1.76,4.8796,7.9985,165.02,32.18,0.0,30.65,0.0,6.53,30.65,0.0,0.0,0.0,0.0,0.0,0.0,0.0,0.0,0.0,0.0,0.0,0.0,0.0,0.0,0.0,0,0,0,0,0,0,0,1,0,0,0,0,0,0,0,0,C14 Laves（六方）,0,0,0,0,0,0,0,0,0,0,0,0,0,0,1,0,0,0,0,0,0,0,0,0,0,0,0,0,0,0,0,0
288,6.0,3,1.83,4.891,8.0225,166.16,29.03,0.0,29.03,0.0,12.9,29.03,0.0,0.0,0.0,0.0,0.0,0.0,0.0,0.0,0.0,0.0,0.0,0.0,0.0,0.0,0.0,0,0,0,0,0,0,0,1,0,0,0,0,0,0,0,0,C14 Laves（六方）,0,0,0,0,0,0,0,0,0,0,0,0,0,0,1,0,0,0,0,0,0,0,0,0,0,0,0,0,0,0,0,0
288,6.0,3,1.9,4.9006,8.0344,167.7,26.05,0.0,27.42,0.0,19.11,27.42,0.0,0.0,0.0,0.0,0.0,0.0,0.0,0.0,0.0,0.0,0.0,0.0,0.0,0.0,0.0,0,0,0,0,0,0,0,1,0,0,0,0,0,0,0,0,C14 Laves（六方）,0,0,0,0,0,0,0,0,0,0,0,0,0,0,1,0,0,0,0,0,0,0,0,0,0,0,0,0,0,0,0,0
288,6.0,3,2.02,4.9119,8.0534,168.27,23.23,0.0,25.81,0.0,25.16,25.81,0.0,0.0,0.0,0.0,0.0,0.0,0.0,0.0,0.0,0.0,0.0,0.0,0.0,0.0,0.0,0,0,0,0,0,0,0,1,0,0,0,0,0,0,0,0,C14 Laves（六方）,0,0,0,0,0,0,0,0,0,0,0,0,0,0,1,0,0,0,0,0,0,0,0,0,0,0,0,0,0,0,0,0
288,6.0,1,2.04,4.9078,8.0402,167.72,25.81,25.16,25.81,0.0,2.58,20.65,0.0,0.0,0.0,0.0,0.0,0.0,0.0,0.0,0.0,0.0,0.0,0.0,0.0,0.0,0.0,0,1,0,0,0,0,0,0,0,0,0,0,0,0,0,0,C14 Laves（六方）,0,0,0,0,0,0,0,0,0,0,0,0,0,0,1,0,0,0,0,0,0,0,0,0,0,0,0,0,0,0,0,0
288,6.0,1,1.79,4.8837,8.0212,165.68,25.81,0.0,25.81,0.0,2.58,20.65,25.16,0.0,0.0,0.0,0.0,0.0,0.0,0.0,0.0,0.0,0.0,0.0,0.0,0.0,0.0,0,0,0,0,0,0,0,0,1,0,0,0,0,0,0,0,C14 Laves（六方）,0,0,0,0,0,0,0,0,0,0,0,0,0,0,1,0,0,0,0,0,0,0,0,0,0,0,0,0,0,0,0,0
288,6.0,1,1.86,4.8912,8.0259,166.28,25.81,0.0,25.81,0.0,2.58,20.65,0.0,0.0,0.0,0.0,0.0,25.16,0.0,0.0,0.0,0.0,0.0,0.0,0.0,0.0,0.0,0,0,0,0,0,0,0,0,0,0,0,0,0,0,1,0,C14 Laves（六方）,0,0,0,0,0,0,0,0,0,0,0,0,0,0,1,0,0,0,0,0,0,0,0,0,0,0,0,0,0,0,0,0
288,6.0,1,1.88,4.8971,8.0315,166.8,25.81,0.0,25.81,0.0,2.58,20.65,0.0,0.0,25.16,0.0,0.0,0.0,0.0,0.0,0.0,0.0,0.0,0.0,0.0,0.0,0.0,0,0,0,0,0,0,0,0,0,0,1,0,0,0,0,0,C14 Laves（六方）,0,0,0,0,0,0,0,0,0,0,0,0,0,0,1,0,0,0,0,0,0,0,0,0,0,0,0,0,0,0,0,0
298,4.0,2,2.01,4.9119,8.0439,168.07,28.5,6.0,42.0,0.0,4.5,6.0,0.0,0.0,0.0,0.0,0.0,0.0,13.0,0.0,0.0,0.0,0.0,0.0,0.0,0.0,0.0,0,0,0,0,0,0,0,0,0,0,0,0,0,1,0,0,C14 Laves（六方）,0,0,0,0,0,0,0,0,0,0,0,0,0,0,1,0,0,0,0,0,0,0,0,0,0,0,0,0,0,0,0,0
298,4.0,2,1.97,4.9088,8.0412,167.8,27.58,5.81,43.55,0.0,4.35,5.81,0.0,0.0,0.0,0.0,0.0,0.0,12.9,0.0,0.0,0.0,0.0,0.0,0.0,0.0,0.0,0,0,0,0,0,0,0,0,0,0,0,0,0,1,0,0,C14 Laves（六方）,0,0,0,0,0,0,0,0,0,0,0,0,0,0,1,0,0,0,0,0,0,0,0,0,0,0,0,0,0,0,0,0
298,4.0,2,1.96,4.9077,8.0414,167.74,26.72,5.62,45.0,0.0,4.22,5.62,0.0,0.0,0.0,0.0,0.0,0.0,12.81,0.0,0.0,0.0,0.0,0.0,0.0,0.0,0.0,0,0,0,0,0,0,0,0,0,0,0,0,0,1,0,0,C14 Laves（六方）,0,0,0,0,0,0,0,0,0,0,0,0,0,0,1,0,0,0,0,0,0,0,0,0,0,0,0,0,0,0,0,0
298,5.0,2,3.19,4.992,8.13,175.3,36.86,28.13,7.76,0.0,5.91,9.7,11.64,0.0,0.0,0.0,0.0,0.0,0.0,0.0,0.0,0.0,0.0,0.0,0.0,0.0,0.0,0,0,0,0,0,0,0,1,0,0,0,0,0,0,0,0,C14 Laves（六方）,0,0,0,0,0,1,0,0,0,0,0,0,0,0,1,0,0,0,0,0,0,0,0,0,0,0,0,0,0,0,0,0
298,5.0,2,3.06,5.016,8.161,177.8,36.1,25.65,7.6,0.0,9.75,9.5,11.4,0.0,0.0,0.0,0.0,0.0,0.0,0.0,0.0,0.0,0.0,0.0,0.0,0.0,0.0,0,0,0,0,0,0,0,1,0,0,0,0,0,0,0,0,C14 Laves（六方）,0,0,0,0,0,1,0,0,0,0,0,0,0,0,1,0,0,0,0,0,0,0,0,0,0,0,0,0,0,0,0,0
298,5.0,2,2.92,5.035,8.18,179.6,35.34,23.25,7.44,0.0,13.51,9.3,11.16,0.0,0.0,0.0,0.0,0.0,0.0,0.0,0.0,0.0,0.0,0.0,0.0,0.0,0.0,0,0,0,0,0,0,0,1,0,0,0,0,0,0,0,0,C14 Laves（六方）,0,0,0,0,0,1,0,0,0,0,0,0,0,0,1,0,0,0,0,0,0,0,0,0,0,0,0,0,0,0,0,0
298,5.0,2,2.73,5.052,8.195,181.4,34.58,20.93,7.28,0.0,17.19,9.1,10.92,0.0,0.0,0.0,0.0,0.0,0.0,0.0,0.0,0.0,0.0,0.0,0.0,0.0,0.0,0,0,0,0,0,0,0,1,0,0,0,0,0,0,0,0,C14 Laves（六方）,0,0,0,0,0,1,0,0,0,0,0,0,0,0,1,0,0,0,0,0,0,0,0,0,0,0,0,0,0,0,0,0
303,3.0,2,2.2,3.120981501415769,3.120981501415769,30.4,30.0,30.0,0.0,0.0,0.0,10.0,10.0,20.0,0.0,0.0,0.0,0.0,0.0,0.0,0.0,0.0,0.0,0.0,0.0,0.0,0.0,0,0,0,0,0,0,0,0,0,0,0,0,0,0,0,0,BCC（立方）,0,0,0,0,0,1,0,0,0,0,0,0,0,0,0,0,0,0,0,0,0,0,0,0,0,0,0,0,0,0,0,0
303,3.0,2,3.1,3.171491567537525,3.171491567537525,31.9,35.0,35.0,0.0,0.0,0.0,5.0,5.0,20.0,0.0,0.0,0.0,0.0,0.0,0.0,0.0,0.0,0.0,0.0,0.0,0.0,0.0,0,0,0,0,0,0,0,0,0,0,0,0,0,0,0,0,BCC（立方）,0,0,0,0,0,1,0,0,0,0,0,0,0,0,0,0,0,0,0,0,0,0,0,0,0,0,0,0,0,0,0,0
333,3.0,2,1.95,3.120981501415769,3.120981501415769,30.4,30.0,30.0,0.0,0.0,0.0,10.0,10.0,20.0,0.0,0.0,0.0,0.0,0.0,0.0,0.0,0.0,0.0,0.0,0.0,0.0,0.0,0,0,0,0,0,0,0,0,0,0,0,0,0,0,0,0,BCC（立方）,0,0,0,0,0,1,0,0,0,0,0,0,0,0,0,0,0,0,0,0,0,0,0,0,0,0,0,0,0,0,0,0
363,3.0,2,1.65,3.120981501415769,3.120981501415769,30.4,30.0,30.0,0.0,0.0,0.0,10.0,10.0,20.0,0.0,0.0,0.0,0.0,0.0,0.0,0.0,0.0,0.0,0.0,0.0,0.0,0.0,0,0,0,0,0,0,0,0,0,0,0,0,0,0,0,0,BCC（立方）,0,0,0,0,0,1,0,0,0,0,0,0,0,0,0,0,0,0,0,0,0,0,0,0,0,0,0,0,0,0,0,0
333,3.0,2,2.75,3.171491567537525,3.171491567537525,31.9,35.0,35.0,0.0,0.0,0.0,5.0,5.0,20.0,0.0,0.0,0.0,0.0,0.0,0.0,0.0,0.0,0.0,0.0,0.0,0.0,0.0,0,0,0,0,0,0,0,0,0,0,0,0,0,0,0,0,BCC（立方）,0,0,0,0,0,1,0,0,0,0,0,0,0,0,0,0,0,0,0,0,0,0,0,0,0,0,0,0,0,0,0,0
363,3.0,2,2.45,3.171491567537525,3.171491567537525,31.9,35.0,35.0,0.0,0.0,0.0,5.0,5.0,20.0,0.0,0.0,0.0,0.0,0.0,0.0,0.0,0.0,0.0,0.0,0.0,0.0,0.0,0,0,0,0,0,0,0,0,0,0,0,0,0,0,0,0,BCC（立方）,0,0,0,0,0,1,0,0,0,0,0,0,0,0,0,0,0,0,0,0,0,0,0,0,0,0,0,0,0,0,0,0
303,2.5,2,1.08,2.968560560395723,2.968560560395723,26.16,13.61,44.04,6.91,0.0,2.1,13.21,2.7,0.0,0.0,0.3,0.0,15.72,0.0,1.4,0.0,0.0,0.0,0.0,0.0,0.0,0.0,0,0,0,0,0,0,0,0,0,0,0,0,0,0,0,0,BCC（立方）,0,0,0,0,0,1,0,0,0,0,0,0,0,0,1,0,0,0,0,0,0,0,0,0,0,0,0,0,0,0,0,0
303,5.0,2,1.63,2.974977049466336,2.974977049466336,26.33,15.62,44.04,6.91,0.0,2.1,11.21,2.7,0.0,0.0,0.3,0.0,15.72,0.0,1.4,0.0,0.0,0.0,0.0,0.0,0.0,0.0,0,0,0,0,0,0,0,0,0,0,0,0,0,0,0,0,BCC（立方）,0,0,0,0,0,1,0,0,0,0,0,0,0,0,1,0,0,0,0,0,0,0,0,0,0,0,0,0,0,0,0,0
303,5.0,2,1.69,2.983614370356656,2.983614370356656,26.56,17.62,44.04,6.91,0.0,2.1,9.21,2.7,0.0,0.0,0.3,0.0,15.72,0.0,1.4,0.0,0.0,0.0,0.0,0.0,0.0,0.0,0,0,0,0,0,0,0,0,0,0,0,0,0,0,0,0,BCC（立方）,0,0,0,0,0,1,0,0,0,0,0,0,0,0,1,0,0,0,0,0,0,0,0,0,0,0,0,0,0,0,0,0
303,5.0,2,1.72,2.988847480702055,2.988847480702055,26.7,19.62,44.04,6.91,0.0,2.1,7.21,2.7,0.0,0.0,0.3,0.0,15.72,0.0,1.4,0.0,0.0,0.0,0.0,0.0,0.0,0.0,0,0,0,0,0,0,0,0,0,0,0,0,0,0,0,0,BCC（立方）,0,0,0,0,0,1,0,0,0,0,0,0,0,0,1,0,0,0,0,0,0,0,0,0,0,0,0,0,0,0,0,0
303,5.0,2,1.81,3.003329636473135,3.003329636473135,27.09,21.62,44.04,6.91,0.0,2.1,5.21,2.7,0.0,0.0,0.3,0.0,15.72,0.0,1.4,0.0,0.0,0.0,0.0,0.0,0.0,0.0,0,0,0,0,0,0,0,0,0,0,0,0,0,0,0,0,BCC（立方）,0,0,0,0,0,1,0,0,0,0,0,0,0,0,1,0,0,0,0,0,0,0,0,0,0,0,0,0,0,0,0,0
303,5.0,2,1.85,3.009966850626268,3.009966850626268,27.27,23.62,44.04,6.91,0.0,2.1,3.2,2.7,0.0,0.0,0.3,0.0,15.72,0.0,1.4,0.0,0.0,0.0,0.0,0.0,0.0,0.0,0,0,0,0,0,0,0,0,0,0,0,0,0,0,0,0,BCC（立方）,0,0,0,0,0,1,0,0,0,0,0,0,0,0,1,0,0,0,0,0,0,0,0,0,0,0,0,0,0,0,0,0
303,5.0,2,1.86,3.016208566044637,3.016208566044637,27.44,25.63,44.04,6.91,0.0,2.1,1.2,2.7,0.0,0.0,0.3,0.0,15.72,0.0,1.4,0.0,0.0,0.0,0.0,0.0,0.0,0.0,0,0,0,0,0,0,0,0,0,0,0,0,0,0,0,0,BCC（立方）,0,0,0,0,0,1,0,0,0,0,0,0,0,0,1,0,0,0,0,0,0,0,0,0,0,0,0,0,0,0,0,0
303,3.0,1,3.1,3.053842688596924,3.053842688596924,28.48,37.0,40.0,23.0,0.0,0.0,0.0,0.0,0.0,0.0,0.0,0.0,0.0,0.0,0.0,0.0,0.0,0.0,0.0,0.0,0.0,0.0,0,0,0,0,0,0,0,0,0,0,0,0,0,0,0,0,BCC（立方）,0,0,0,0,0,1,0,0,0,0,0,0,0,0,0,0,0,0,0,0,0,0,0,0,0,0,0,0,0,0,0,0
333,3.0,1,2.57,3.053842688596924,3.053842688596924,28.48,37.0,40.0,23.0,0.0,0.0,0.0,0.0,0.0,0.0,0.0,0.0,0.0,0.0,0.0,0.0,0.0,0.0,0.0,0.0,0.0,0.0,0,0,0,0,0,0,0,0,0,0,0,0,0,0,0,0,BCC（立方）,0,0,0,0,0,1,0,0,0,0,0,0,0,0,0,0,0,0,0,0,0,0,0,0,0,0,0,0,0,0,0,0
363,3.0,1,2.37,3.053842688596924,3.053842688596924,28.48,37.0,40.0,23.0,0.0,0.0,0.0,0.0,0.0,0.0,0.0,0.0,0.0,0.0,0.0,0.0,0.0,0.0,0.0,0.0,0.0,0.0,0,0,0,0,0,0,0,0,0,0,0,0,0,0,0,0,BCC（立方）,0,0,0,0,0,1,0,0,0,0,0,0,0,0,0,0,0,0,0,0,0,0,0,0,0,0,0,0,0,0,0,0
303,3.0,1,2.85,3.067719130462089,3.067719130462089,28.87,22.08,23.87,13.72,0.0,17.88,0.0,0.0,0.0,0.0,0.0,0.0,21.85,0.0,0.0,0.6,0.0,0.0,0.0,0.0,0.0,0.0,0,0,0,0,0,0,0,1,0,0,0,0,0,0,1,0,BCC（立方）,0,0,0,0,0,1,0,0,0,0,0,0,0,0,1,0,0,0,0,0,0,0,0,0,0,0,0,0,0,0,0,0
333,3.0,1,2.27,3.067719130462089,3.067719130462089,28.87,22.08,23.87,13.72,0.0,17.88,0.0,0.0,0.0,0.0,0.0,0.0,21.85,0.0,0.0,0.6,0.0,0.0,0.0,0.0,0.0,0.0,0,0,0,0,0,0,0,1,0,0,0,0,0,0,1,0,BCC（立方）,0,0,0,0,0,1,0,0,0,0,0,0,0,0,1,0,0,0,0,0,0,0,0,0,0,0,0,0,0,0,0,0
363,3.0,1,2.04,3.067719130462089,3.067719130462089,28.87,22.08,23.87,13.72,0.0,17.88,0.0,0.0,0.0,0.0,0.0,0.0,21.85,0.0,0.0,0.6,0.0,0.0,0.0,0.0,0.0,0.0,0,0,0,0,0,0,0,1,0,0,0,0,0,0,1,0,BCC（立方）,0,0,0,0,0,1,0,0,0,0,0,0,0,0,1,0,0,0,0,0,0,0,0,0,0,0,0,0,0,0,0,0
303,3.0,1,2.95,3.060974528343019,3.060974528343019,28.68,21.48,23.22,13.35,0.0,17.03,0.0,0.0,0.0,0.0,0.0,0.0,24.33,0.0,0.0,0.58,0.0,0.0,0.0,0.0,0.0,0.0,0,0,0,0,0,0,0,1,0,0,0,0,0,0,1,0,BCC（立方）,0,0,0,0,0,1,0,0,0,0,0,0,0,0,1,0,0,0,0,0,0,0,0,0,0,0,0,0,0,0,0,0
333,3.0,1,2.34,3.060974528343019,3.060974528343019,28.68,21.48,23.22,13.35,0.0,17.03,0.0,0.0,0.0,0.0,0.0,0.0,24.33,0.0,0.0,0.58,0.0,0.0,0.0,0.0,0.0,0.0,0,0,0,0,0,0,0,1,0,0,0,0,0,0,1,0,BCC（立方）,0,0,0,0,0,1,0,0,0,0,0,0,0,0,1,0,0,0,0,0,0,0,0,0,0,0,0,0,0,0,0,0
363,3.0,1,2.07,3.060974528343019,3.060974528343019,28.68,21.48,23.22,13.35,0.0,17.03,0.0,0.0,0.0,0.0,0.0,0.0,24.33,0.0,0.0,0.58,0.0,0.0,0.0,0.0,0.0,0.0,0,0,0,0,0,0,0,1,0,0,0,0,0,0,1,0,BCC（立方）,0,0,0,0,0,1,0,0,0,0,0,0,0,0,1,0,0,0,0,0,0,0,0,0,0,0,0,0,0,0,0,0
303,3.0,1,3.03,3.058125783534594,3.058125783534594,28.6,22.11,23.91,13.75,0.0,10.93,0.0,0.0,0.0,0.0,0.0,0.0,28.7,0.0,0.0,0.6,0.0,0.0,0.0,0.0,0.0,0.0,0,0,0,0,0,0,0,1,0,0,0,0,0,0,1,0,BCC（立方）,0,0,0,0,0,1,0,0,0,0,0,0,0,0,1,0,0,0,0,0,0,0,0,0,0,0,0,0,0,0,0,0
333,3.0,1,2.41,3.058125783534594,3.058125783534594,28.6,22.11,23.91,13.75,0.0,10.93,0.0,0.0,0.0,0.0,0.0,0.0,28.7,0.0,0.0,0.6,0.0,0.0,0.0,0.0,0.0,0.0,0,0,0,0,0,0,0,1,0,0,0,0,0,0,1,0,BCC（立方）,0,0,0,0,0,1,0,0,0,0,0,0,0,0,1,0,0,0,0,0,0,0,0,0,0,0,0,0,0,0,0,0
363,3.0,1,2.02,3.058125783534594,3.058125783534594,28.6,22.11,23.91,13.75,0.0,10.93,0.0,0.0,0.0,0.0,0.0,0.0,28.7,0.0,0.0,0.6,0.0,0.0,0.0,0.0,0.0,0.0,0,0,0,0,0,0,0,1,0,0,0,0,0,0,1,0,BCC（立方）,0,0,0,0,0,1,0,0,0,0,0,0,0,0,1,0,0,0,0,0,0,0,0,0,0,0,0,0,0,0,0,0
303,3.0,1,3.03,3.053842688596924,3.053842688596924,28.48,22.11,23.91,13.75,0.0,10.93,0.0,0.0,0.0,0.0,0.0,0.0,28.7,0.0,0.0,0.6,0.0,0.0,0.0,0.0,0.0,0.0,0,0,0,0,0,0,0,1,0,0,0,0,0,0,1,0,BCC（立方）,0,0,0,0,0,1,0,0,0,0,0,0,0,0,1,0,0,0,0,0,0,0,0,0,0,0,0,0,0,0,0,0
333,3.0,1,2.41,3.053842688596924,3.053842688596924,28.48,22.11,23.91,13.75,0.0,10.93,0.0,0.0,0.0,0.0,0.0,0.0,28.7,0.0,0.0,0.6,0.0,0.0,0.0,0.0,0.0,0.0,0,0,0,0,0,0,0,1,0,0,0,0,0,0,1,0,BCC（立方）,0,0,0,0,0,1,0,0,0,0,0,0,0,0,1,0,0,0,0,0,0,0,0,0,0,0,0,0,0,0,0,0
363,3.0,1,2.02,3.053842688596924,3.053842688596924,28.48,22.11,23.91,13.75,0.0,10.93,0.0,0.0,0.0,0.0,0.0,0.0,28.7,0.0,0.0,0.6,0.0,0.0,0.0,0.0,0.0,0.0,0,0,0,0,0,0,0,1,0,0,0,0,0,0,1,0,BCC（立方）,0,0,0,0,0,1,0,0,0,0,0,0,0,0,1,0,0,0,0,0,0,0,0,0,0,0,0,0,0,0,0,0
303,3.0,1,2.96,3.053842688596924,3.053842688596924,28.48,22.11,23.91,13.75,0.0,10.93,0.0,0.0,0.0,0.0,0.0,0.0,28.7,0.0,0.0,0.6,0.0,0.0,0.0,0.0,0.0,0.0,0,0,0,0,0,0,0,1,0,0,0,0,0,0,1,0,BCC（立方）,0,0,0,0,0,1,0,0,0,0,0,0,0,0,1,0,0,0,0,0,0,0,0,0,0,0,0,0,0,0,0,0
333,3.0,1,2.39,3.053842688596924,3.053842688596924,28.48,22.11,23.91,13.75,0.0,10.93,0.0,0.0,0.0,0.0,0.0,0.0,28.7,0.0,0.0,0.6,0.0,0.0,0.0,0.0,0.0,0.0,0,0,0,0,0,0,0,1,0,0,0,0,0,0,1,0,BCC（立方）,0,0,0,0,0,1,0,0,0,0,0,0,0,0,1,0,0,0,0,0,0,0,0,0,0,0,0,0,0,0,0,0
363,3.0,1,2.0,3.053842688596924,3.053842688596924,28.48,22.11,23.91,13.75,0.0,10.93,0.0,0.0,0.0,0.0,0.0,0.0,28.7,0.0,0.0,0.6,0.0,0.0,0.0,0.0,0.0,0.0,0,0,0,0,0,0,0,1,0,0,0,0,0,0,1,0,BCC（立方）,0,0,0,0,0,1,0,0,0,0,0,0,0,0,1,0,0,0,0,0,0,0,0,0,0,0,0,0,0,0,0,0
303,3.0,1,2.81,3.053842688596924,3.053842688596924,28.48,22.11,23.91,13.75,0.0,10.93,0.0,0.0,0.0,0.0,0.0,0.0,28.7,0.0,0.0,0.6,0.0,0.0,0.0,0.0,0.0,0.0,0,0,0,0,0,0,0,1,0,0,0,0,0,0,1,0,BCC（立方）,0,0,0,0,0,1,0,0,0,0,0,0,0,0,1,0,0,0,0,0,0,0,0,0,0,0,0,0,0,0,0,0
333,3.0,1,2.32,3.053842688596924,3.053842688596924,28.48,22.11,23.91,13.75,0.0,10.93,0.0,0.0,0.0,0.0,0.0,0.0,28.7,0.0,0.0,0.6,0.0,0.0,0.0,0.0,0.0,0.0,0,0,0,0,0,0,0,1,0,0,0,0,0,0,1,0,BCC（立方）,0,0,0,0,0,1,0,0,0,0,0,0,0,0,1,0,0,0,0,0,0,0,0,0,0,0,0,0,0,0,0,0
363,3.0,1,1.95,3.053842688596924,3.053842688596924,28.48,22.11,23.91,13.75,0.0,10.93,0.0,0.0,0.0,0.0,0.0,0.0,28.7,0.0,0.0,0.6,0.0,0.0,0.0,0.0,0.0,0.0,0,0,0,0,0,0,0,1,0,0,0,0,0,0,1,0,BCC（立方）,0,0,0,0,0,1,0,0,0,0,0,0,0,0,1,0,0,0,0,0,0,0,0,0,0,0,0,0,0,0,0,0
303,3.0,1,3.04,3.048113139137718,3.048113139137718,28.32,22.11,23.91,13.75,0.0,10.93,0.0,0.0,0.0,0.0,0.0,0.0,28.7,0.0,0.0,0.6,0.0,0.0,0.0,0.0,0.0,0.0,0,0,0,0,0,0,0,1,0,0,0,0,0,0,1,0,BCC（立方）,0,0,0,0,0,1,0,0,0,0,0,0,0,0,1,0,0,0,0,0,0,0,0,0,0,0,0,0,0,0,0,0
333,3.0,1,2.72,3.048113139137718,3.048113139137718,28.32,22.11,23.91,13.75,0.0,10.93,0.0,0.0,0.0,0.0,0.0,0.0,28.7,0.0,0.0,0.6,0.0,0.0,0.0,0.0,0.0,0.0,0,0,0,0,0,0,0,1,0,0,0,0,0,0,1,0,BCC（立方）,0,0,0,0,0,1,0,0,0,0,0,0,0,0,1,0,0,0,0,0,0,0,0,0,0,0,0,0,0,0,0,0
363,3.0,1,2.13,3.048113139137718,3.048113139137718,28.32,22.11,23.91,13.75,0.0,10.93,0.0,0.0,0.0,0.0,0.0,0.0,28.7,0.0,0.0,0.6,0.0,0.0,0.0,0.0,0.0,0.0,0,0,0,0,0,0,0,1,0,0,0,0,0,0,1,0,BCC（立方）,0,0,0,0,0,1,0,0,0,0,0,0,0,0,1,0,0,0,0,0,0,0,0,0,0,0,0,0,0,0,0,0
303,3.0,1,3.05,3.042001797897969,3.042001797897969,28.15,22.11,23.91,13.75,0.0,10.93,0.0,0.0,0.0,0.0,0.0,0.0,28.7,0.0,0.0,0.6,0.0,0.0,0.0,0.0,0.0,0.0,0,0,0,0,0,0,0,1,0,0,0,0,0,0,1,0,BCC（立方）,0,0,0,0,0,1,0,0,0,0,0,0,0,0,1,0,0,0,0,0,0,0,0,0,0,0,0,0,0,0,0,0
333,3.0,1,2.57,3.042001797897969,3.042001797897969,28.15,22.11,23.91,13.75,0.0,10.93,0.0,0.0,0.0,0.0,0.0,0.0,28.7,0.0,0.0,0.6,0.0,0.0,0.0,0.0,0.0,0.0,0,0,0,0,0,0,0,1,0,0,0,0,0,0,1,0,BCC（立方）,0,0,0,0,0,1,0,0,0,0,0,0,0,0,1,0,0,0,0,0,0,0,0,0,0,0,0,0,0,0,0,0
363,3.0,1,2.5,3.042001797897969,3.042001797897969,28.15,22.11,23.91,13.75,0.0,10.93,0.0,0.0,0.0,0.0,0.0,0.0,28.7,0.0,0.0,0.6,0.0,0.0,0.0,0.0,0.0,0.0,0,0,0,0,0,0,0,1,0,0,0,0,0,0,1,0,BCC（立方）,0,0,0,0,0,1,0,0,0,0,0,0,0,0,1,0,0,0,0,0,0,0,0,0,0,0,0,0,0,0,0,0
303,3.0,1,3.06,3.044880779195499,3.044880779195499,28.23,22.11,23.91,13.75,0.0,10.93,0.0,0.0,0.0,0.0,0.0,0.0,28.7,0.0,0.0,0.6,0.0,0.0,0.0,0.0,0.0,0.0,0,0,0,0,0,0,0,1,0,0,0,0,0,0,1,0,BCC（立方）,0,0,0,0,0,1,0,0,0,0,0,0,0,0,1,0,0,0,0,0,0,0,0,0,0,0,0,0,0,0,0,0
333,3.0,1,2.79,3.044880779195499,3.044880779195499,28.23,22.11,23.91,13.75,0.0,10.93,0.0,0.0,0.0,0.0,0.0,0.0,28.7,0.0,0.0,0.6,0.0,0.0,0.0,0.0,0.0,0.0,0,0,0,0,0,0,0,1,0,0,0,0,0,0,1,0,BCC（立方）,0,0,0,0,0,1,0,0,0,0,0,0,0,0,1,0,0,0,0,0,0,0,0,0,0,0,0,0,0,0,0,0
383,3.5,2,0.87,2.992946391496469,2.992946391496469,26.81,51.43,0.0,7.14,0.95,0.0,2.38,38.1,0.0,0.0,0.0,0.0,0.0,0.0,0.0,0.0,0.0,0.0,0.0,0.0,0.0,0.0,0,0,0,0,0,0,0,0,0,0,0,0,0,0,0,0,BCC（立方）,0,0,0,0,0,1,0,0,0,0,0,0,0,0,1,0,0,0,0,0,0,0,0,0,0,1,0,0,0,0,1,0
303,5.0,2,1.65,2.970072817692642,2.970072817692642,26.2,14.61,44.04,6.91,0.0,2.1,12.21,2.7,0.0,0.0,0.3,0.0,15.72,0.0,1.4,0.0,0.0,0.0,0.0,0.0,0.0,0.0,0,0,0,0,0,0,0,0,0,0,0,0,0,0,0,0,BCC（立方）,0,0,0,0,0,1,0,0,0,0,0,0,0,0,1,0,0,0,0,0,0,0,0,0,0,1,0,0,0,0,1,0
303,5.0,2,1.69,2.973469777745651,2.973469777745651,26.29,15.62,44.04,6.91,0.0,2.1,11.21,2.7,0.0,0.0,0.3,0.0,15.72,0.0,1.4,0.0,0.0,0.0,0.0,0.0,0.0,0.0,0,0,0,0,0,0,0,0,0,0,0,0,0,0,0,0,BCC（立方）,0,0,0,0,0,1,0,0,0,0,0,0,0,0,1,0,0,0,0,0,0,0,0,0,0,1,0,0,0,0,1,0
303,5.0,2,1.7,2.977611105907655,2.977611105907655,26.4,16.62,44.04,6.91,0.0,2.1,10.21,2.7,0.0,0.0,0.3,0.0,15.72,0.0,1.4,0.0,0.0,0.0,0.0,0.0,0.0,0.0,0,0,0,0,0,0,0,0,0,0,0,0,0,0,0,0,BCC（立方）,0,0,0,0,0,1,0,0,0,0,0,0,0,0,1,0,0,0,0,0,0,0,0,0,0,1,0,0,0,0,1,0
303,5.0,2,1.68,2.976482795414666,2.976482795414666,26.37,15.6,44.0,6.9,0.0,2.1,11.2,0.0,0.0,0.0,0.3,0.0,18.5,0.0,1.4,0.0,0.0,0.0,0.0,0.0,0.0,0.0,0,0,0,0,0,0,0,0,0,0,0,0,0,0,0,0,BCC（立方）,0,0,0,0,0,1,0,0,0,0,0,0,0,0,1,0,0,0,0,0,0,0,0,0,0,1,0,0,0,0,1,0
303,5.0,2,1.71,2.975730112920717,2.975730112920717,26.35,15.62,44.04,6.91,0.0,2.1,11.21,2.7,0.0,0.0,0.3,0.0,17.12,0.0,0.0,0.0,0.0,0.0,0.0,0.0,0.0,0.0,0,0,0,0,0,0,0,0,0,0,0,0,0,0,0,0,BCC（立方）,0,0,0,0,0,1,0,0,0,0,0,0,0,0,1,0,0,0,0,0,0,0,0,0,0,1,0,0,0,0,1,0
303,5.0,2,1.72,2.977611105907655,2.977611105907655,26.4,15.62,44.04,4.9,0.0,2.1,11.21,2.7,0.0,0.0,0.3,0.0,17.72,0.0,1.4,0.0,0.0,0.0,0.0,0.0,0.0,0.0,0,0,0,0,0,0,0,0,0,0,0,0,0,0,0,0,BCC（立方）,0,0,0,0,0,1,0,0,0,0,0,0,0,0,0,0,0,0,0,0,0,0,0,0,0,1,0,0,0,0,1,0
303,5.0,2,1.78,2.972338320338944,2.972338320338944,26.26,15.63,44.09,6.91,0.0,0.0,11.22,2.71,0.0,0.0,0.3,0.0,17.74,0.0,1.4,0.0,0.0,0.0,0.0,0.0,0.0,0.0,0,0,0,0,0,0,0,0,0,0,0,0,0,0,0,0,BCC（立方）,0,0,0,0,0,1,0,0,0,0,0,0,0,0,1,0,0,0,0,0,0,0,0,0,0,1,0,0,0,0,1,0
373,5.0,1,3.698,3.046318230502706,3.046318230502706,28.27,33.33,36.67,20.0,0.0,0.0,10.0,0.0,0.0,0.0,0.0,0.0,0.0,0.0,0.0,0.0,0.0,0.0,0.0,0.0,0.0,0.0,0,0,0,0,0,0,0,0,0,0,0,0,0,0,0,0,BCC（立方）,0,0,0,0,0,1,0,0,0,0,0,0,0,0,1,0,0,0,0,0,0,0,0,0,0,0,0,0,0,0,0,0
373,5.0,2,2.5,3.046318230502706,3.046318230502706,28.27,33.33,36.67,20.0,0.0,0.0,10.0,0.0,0.0,0.0,0.0,0.0,0.0,0.0,0.0,0.0,0.0,0.0,0.0,0.0,0.0,0.0,0,0,0,0,0,0,0,0,0,0,0,0,0,0,0,0,BCC（立方）,0,0,0,0,0,1,0,0,0,0,0,0,0,0,1,0,0,0,0,0,0,0,0,0,0,0,0,0,0,0,0,0
273,5.0,2,0.314,3.046318230502706,3.046318230502706,28.27,33.33,36.67,20.0,0.0,0.0,10.0,0.0,0.0,0.0,0.0,0.0,0.0,0.0,0.0,0.0,0.0,0.0,0.0,0.0,0.0,0.0,0,0,0,0,0,0,0,0,0,0,0,0,0,0,0,0,BCC（立方）,0,0,0,0,0,1,0,0,0,0,0,0,0,0,1,0,0,0,0,0,0,0,0,0,0,0,0,0,0,0,0,0
323,5.0,2,0.924,3.046318230502706,3.046318230502706,28.27,33.33,36.67,20.0,0.0,0.0,10.0,0.0,0.0,0.0,0.0,0.0,0.0,0.0,0.0,0.0,0.0,0.0,0.0,0.0,0.0,0.0,0,0,0,0,0,0,0,0,0,0,0,0,0,0,0,0,BCC（立方）,0,0,0,0,0,1,0,0,0,0,0,0,0,0,1,0,0,0,0,0,0,0,0,0,0,0,0,0,0,0,0,0
423,5.0,2,2.122,3.046318230502706,3.046318230502706,28.27,33.33,36.67,20.0,0.0,0.0,10.0,0.0,0.0,0.0,0.0,0.0,0.0,0.0,0.0,0.0,0.0,0.0,0.0,0.0,0.0,0.0,0,0,0,0,0,0,0,0,0,0,0,0,0,0,0,0,BCC（立方）,1,0,0,0,0,1,0,0,0,0,0,0,0,0,1,0,0,0,0,0,0,0,0,0,0,0,0,0,0,0,0,0
298,5.0,1,3.138,3.05705613469479,3.05705613469479,28.57,11.89,13.08,7.13,0.0,0.0,3.57,0.0,0.0,0.0,13.11,0.0,0.0,0.0,0.0,11.89,39.33,0.0,0.0,0.0,0.0,0.0,0,0,1,1,0,0,0,0,0,0,0,0,0,0,0,0,BCC（立方）,1,0,0,0,0,1,0,0,0,0,0,0,0,0,1,0,0,0,0,0,0,0,0,0,0,0,0,0,0,0,0,0
298,5.0,2,1.721,3.05705613469479,3.05705613469479,28.57,11.89,13.08,7.13,0.0,0.0,3.57,0.0,0.0,0.0,13.11,0.0,0.0,0.0,0.0,11.89,39.33,0.0,0.0,0.0,0.0,0.0,0,0,1,1,0,0,0,0,0,0,0,0,0,0,0,0,BCC（立方）,1,0,0,0,0,1,0,0,0,0,0,0,0,0,1,0,0,0,0,0,0,0,0,0,0,0,0,0,0,0,0,0
298,5.0,1,2.941,3.048113139137718,3.048113139137718,28.32,10.8,11.88,6.48,0.0,0.0,3.24,0.0,0.0,0.0,14.2,0.0,0.0,0.0,0.0,10.8,42.6,0.0,0.0,0.0,0.0,0.0,0,0,1,1,0,0,0,0,0,0,0,0,0,0,0,0,BCC（立方）,1,0,0,0,0,1,0,0,0,0,0,0,0,0,1,0,0,0,0,0,0,0,0,0,0,0,0,0,0,0,0,0
298,5.0,2,1.096,3.048113139137718,3.048113139137718,28.32,10.8,11.88,6.48,0.0,0.0,3.24,0.0,0.0,0.0,14.2,0.0,0.0,0.0,0.0,10.8,42.6,0.0,0.0,0.0,0.0,0.0,0,0,1,1,0,0,0,0,0,0,0,0,0,0,0,0,BCC（立方）,1,0,0,0,0,1,0,0,0,0,0,0,0,0,1,0,0,0,0,0,0,0,0,0,0,0,0,0,0,0,0,0
373,5.0,2,2.091,3.048113139137718,3.048113139137718,28.32,10.8,11.88,6.48,0.0,0.0,3.24,0.0,0.0,0.0,14.2,0.0,0.0,0.0,0.0,10.8,42.6,0.0,0.0,0.0,0.0,0.0,0,0,1,1,0,0,0,0,0,0,0,0,0,0,0,0,BCC（立方）,1,0,0,0,0,1,0,0,0,0,0,0,0,0,1,0,0,0,0,0,0,0,0,0,0,0,0,0,0,0,0,0
298,5.0,1,2.924,3.047036447723825,3.047036447723825,28.29,9.86,10.85,5.92,0.0,0.0,2.96,0.0,0.0,0.0,15.14,0.0,0.0,0.0,0.0,9.86,45.41,0.0,0.0,0.0,0.0,0.0,0,0,1,1,0,0,0,0,0,0,0,0,0,0,0,0,BCC（立方）,1,0,0,0,0,1,0,0,0,0,0,0,0,0,1,0,0,0,0,0,0,0,0,0,0,0,0,0,0,0,0,0
298,5.0,2,0.708,3.047036447723825,3.047036447723825,28.29,9.86,10.85,5.92,0.0,0.0,2.96,0.0,0.0,0.0,15.14,0.0,0.0,0.0,0.0,9.86,45.41,0.0,0.0,0.0,0.0,0.0,0,0,1,1,0,0,0,0,0,0,0,0,0,0,0,0,BCC（立方）,1,0,0,0,0,1,0,0,0,0,0,0,0,0,1,0,0,0,0,1,0,0,1,0,0,0,0,0,0,0,0,0
273,5.0,2,0.36,3.053127670380998,3.053127670380998,28.46,8.25,9.08,4.95,0.0,0.0,2.48,0.0,0.0,0.0,11.17,0.0,0.0,0.0,0.0,8.25,44.67,11.17,0.0,0.0,0.0,0.0,0,0,1,1,0,0,0,0,0,1,0,0,0,0,0,0,BCC（立方）,1,0,0,0,0,1,0,0,0,0,0,0,0,0,1,0,0,0,0,1,0,0,1,0,0,0,0,0,0,0,0,0
273,5.0,2,0.433,3.051696628376006,3.051696628376006,28.42,7.41,8.15,4.45,0.0,0.0,2.22,0.0,0.0,0.0,11.73,0.0,0.0,0.0,0.0,7.41,46.91,11.73,0.0,0.0,0.0,0.0,0,0,1,1,0,0,0,0,0,1,0,0,0,0,0,0,BCC（立方）,1,0,0,0,0,1,0,0,0,0,0,0,0,0,1,0,0,0,0,1,0,0,1,0,0,0,0,0,0,0,0,0
273,5.0,2,0.486,3.046677381441015,3.046677381441015,28.28,6.91,7.6,4.15,0.0,0.0,2.07,0.0,0.0,0.0,12.06,0.0,0.0,0.0,0.0,6.91,48.24,12.06,0.0,0.0,0.0,0.0,0,0,1,1,0,0,0,0,0,1,0,0,0,0,0,0,BCC（立方）,1,0,0,0,0,1,0,0,0,0,0,0,0,0,1,0,0,0,0,1,0,0,1,0,0,0,0,0,0,0,0,0
323,5.0,2,2.001,3.051696628376006,3.051696628376006,28.42,7.41,8.15,4.45,0.0,0.0,2.22,0.0,0.0,0.0,11.73,0.0,0.0,0.0,0.0,7.41,46.91,11.73,0.0,0.0,0.0,0.0,0,0,1,1,0,0,0,0,0,1,0,0,0,0,0,0,BCC（立方）,1,0,0,0,0,1,0,0,0,0,0,0,0,0,1,0,0,0,1,0,0,0,0,0,0,0,0,0,0,0,0,0
273,5.0,2,0.479,3.045599674459892,3.045599674459892,28.25,27.18,8.93,4.87,0.0,0.0,2.44,0.0,0.0,0.0,9.53,0.0,0.0,0.0,0.0,0.0,0.0,0.0,47.05,0.0,0.0,0.0,0,0,0,1,1,0,1,0,0,0,0,0,0,0,0,0,BCC（立方）,1,0,0,0,0,1,0,0,0,0,0,0,0,0,1,0,0,0,1,0,0,0,0,0,0,0,0,0,0,0,0,0
273,5.0,2,0.536,3.042361968609113,3.042361968609113,28.16,21.09,5.68,3.1,0.0,0.0,1.55,0.0,0.0,0.0,7.96,0.0,0.0,0.0,0.0,0.0,0.0,0.0,60.62,0.0,0.0,0.0,0,0,0,1,1,0,1,0,0,0,0,0,0,0,0,0,BCC（立方）,1,0,0,0,0,1,0,0,0,0,0,0,0,0,1,0,0,0,1,0,0,0,0,0,0,0,0,0,0,0,0,0
273,5.0,2,0.539,3.039838980391096,3.039838980391096,28.09,19.36,4.04,2.2,0.0,0.0,1.1,0.0,0.0,0.0,7.84,0.0,0.0,0.0,0.0,0.0,0.0,0.0,65.46,0.0,0.0,0.0,0,0,0,1,1,0,1,0,0,0,0,0,0,0,0,0,BCC（立方）,1,0,0,0,0,1,0,0,0,0,0,0,0,0,1,0,0,0,1,0,0,0,0,0,0,0,0,0,0,0,0,0
297,2.0,1,3.0,3.158179798828189,3.158179798828189,31.5,31.48,31.48,0.0,0.0,0.0,5.56,0.0,31.48,0.0,0.0,0.0,0.0,0.0,0.0,0.0,0.0,0.0,0.0,0.0,0.0,0.0,0,0,0,0,0,0,0,0,0,0,0,0,0,0,0,0,BCC（立方）,0,0,0,0,0,1,0,0,0,0,0,0,0,0,0,0,0,0,0,0,0,0,0,0,0,0,0,0,0,0,0,0
297,2.0,2,2.8,3.158179798828189,3.158179798828189,31.5,31.48,31.48,0.0,0.0,0.0,5.56,0.0,31.48,0.0,0.0,0.0,0.0,0.0,0.0,0.0,0.0,0.0,0.0,0.0,0.0,0.0,0,0,0,0,0,0,0,0,0,0,0,0,0,0,0,0,BCC（立方）,0,0,0,0,0,1,0,0,0,0,0,0,0,0,0,0,0,0,0,0,0,0,0,0,0,0,0,0,0,0,0,0
297,2.0,1,2.9,3.122007802542494,3.122007802542494,30.43,30.0,30.0,0.0,0.0,0.0,10.0,0.0,30.0,0.0,0.0,0.0,0.0,0.0,0.0,0.0,0.0,0.0,0.0,0.0,0.0,0.0,0,0,0,0,0,0,0,0,0,0,0,0,0,0,0,0,BCC（立方）,0,0,0,0,0,1,0,0,0,0,0,0,0,0,0,0,0,0,0,0,0,0,0,0,0,0,0,0,0,0,0,0
297,2.0,2,2.7,3.122007802542494,3.122007802542494,30.43,30.0,30.0,0.0,0.0,0.0,10.0,0.0,30.0,0.0,0.0,0.0,0.0,0.0,0.0,0.0,0.0,0.0,0.0,0.0,0.0,0.0,0,0,0,0,0,0,0,0,0,0,0,0,0,0,0,0,BCC（立方）,0,0,0,0,0,1,0,0,0,0,0,0,0,0,0,0,0,0,0,0,0,0,0,0,0,0,0,0,0,0,0,0
297,2.0,1,2.8,3.105159635087847,3.105159635087847,29.94,28.26,28.26,0.0,0.0,0.0,15.22,0.0,28.26,0.0,0.0,0.0,0.0,0.0,0.0,0.0,0.0,0.0,0.0,0.0,0.0,0.0,0,0,0,0,0,0,0,0,0,0,0,0,0,0,0,0,BCC（立方）,0,0,0,0,0,1,0,0,0,0,0,0,0,0,0,0,0,0,0,0,0,0,0,0,0,0,0,0,0,0,0,0
297,2.0,2,2.8,3.105159635087847,3.105159635087847,29.94,28.26,28.26,0.0,0.0,0.0,15.22,0.0,28.26,0.0,0.0,0.0,0.0,0.0,0.0,0.0,0.0,0.0,0.0,0.0,0.0,0.0,0,0,0,0,0,0,0,0,0,0,0,0,0,0,0,0,BCC（立方）,0,0,0,0,0,1,0,0,0,0,0,0,0,0,0,0,0,0,0,0,0,0,0,0,0,0,0,0,0,0,0,0
298,3.8,1,3.2,3.210770996500643,3.210770996500643,33.1,33.33,33.33,0.0,0.0,0.0,0.0,0.0,33.33,0.0,0.0,0.0,0.0,0.0,0.0,0.0,0.0,0.0,0.0,0.0,0.0,0.0,0,0,0,0,0,0,0,0,0,0,0,0,0,0,0,0,BCC（立方）,0,0,0,0,0,1,0,0,0,0,0,0,0,0,0,0,0,0,0,0,0,0,0,0,0,0,0,0,0,0,0,0
298,5.0,1,3.2,4.442731052512664,4.442731052512664,87.69,20.0,20.0,0.0,0.0,0.0,0.0,0.0,20.0,0.0,0.0,0.0,0.0,0.0,0.0,0.0,40.0,0.0,0.0,0.0,0.0,0.0,0,0,0,0,0,0,0,0,0,0,0,0,0,0,0,0,BCC（立方）,0,0,0,0,0,1,0,0,0,0,0,0,0,0,0,0,0,0,0,0,0,0,0,0,0,0,0,0,0,0,0,0
298,5.0,1,2.96,4.417936425393913,4.417936425393913,86.23,19.04,19.04,0.0,0.0,0.0,0.0,0.0,19.04,0.0,6.0,0.0,0.0,0.0,0.0,0.0,36.88,0.0,0.0,0.0,0.0,0.0,0,0,0,1,0,0,0,0,0,0,0,0,0,0,0,0,BCC（立方）,0,0,0,0,0,1,0,0,0,0,0,0,0,0,0,0,0,0,0,0,0,0,0,0,0,0,0,0,0,0,0,0
298,3.2,10,2.83,3.202991993287331,3.202991993287331,32.86,31.12,31.12,0.0,0.0,0.0,0.0,0.0,31.12,0.0,6.64,0.0,0.0,0.0,0.0,0.0,0.0,0.0,0.0,0.0,0.0,0.0,0,0,0,1,0,0,0,0,0,0,0,0,0,0,0,0,BCC（立方）,0,0,0,0,0,1,0,0,0,0,0,0,0,0,0,0,0,0,0,0,0,0,0,0,0,0,0,0,0,0,0,0
298,5.0,1,2.6,4.375866495040786,4.375866495040786,83.79,18.45,18.45,0.0,0.0,0.0,0.0,0.0,18.45,0.0,12.05,0.0,0.0,0.0,0.0,0.0,32.6,0.0,0.0,0.0,0.0,0.0,0,0,0,1,0,0,0,0,0,0,0,0,0,0,0,0,BCC（立方）,0,0,0,0,0,1,0,0,0,0,0,0,0,0,0,0,0,0,0,0,0,0,0,0,0,0,0,0,0,0,0,0
298,3.2,10,2.55,3.197132848509634,3.197132848509634,32.68,28.93,28.93,0.0,0.0,0.0,0.0,0.0,28.93,0.0,13.21,0.0,0.0,0.0,0.0,0.0,0.0,0.0,0.0,0.0,0.0,0.0,0,0,0,1,0,0,0,0,0,0,0,0,0,0,0,0,BCC（立方）,0,0,0,0,0,1,0,0,0,0,0,0,0,0,0,0,0,0,0,0,0,0,0,0,0,0,0,0,0,0,0,0
298,3.8,1,1.41,3.193868467182624,3.193868467182624,32.58,25.68,25.68,0.0,0.0,0.0,0.0,0.0,25.68,0.0,22.95,0.0,0.0,0.0,0.0,0.0,0.0,0.0,0.0,0.0,0.0,0.0,0,0,0,1,0,0,0,0,0,0,0,0,0,0,0,0,BCC（立方）,0,0,0,0,0,1,0,0,0,0,0,0,0,0,0,0,0,0,0,0,0,0,0,0,0,0,0,0,0,0,0,0
298,5.0,1,1.41,3.27945608668819,3.27945608668819,35.27,19.67,19.67,0.0,0.0,0.0,0.0,0.0,19.67,0.0,21.67,0.0,0.0,0.0,0.0,0.0,19.31,0.0,0.0,0.0,0.0,0.0,0,0,0,1,0,0,0,0,0,0,0,0,0,0,0,0,BCC（立方）,0,0,0,0,0,1,0,0,0,0,0,0,0,0,0,0,0,0,0,0,0,0,0,0,0,0,0,0,0,0,0,0
298,3.8,1,1.25,3.188959347137419,3.188959347137419,32.43,22.5,22.5,0.0,0.0,0.0,0.0,0.0,22.5,0.0,32.5,0.0,0.0,0.0,0.0,0.0,0.0,0.0,0.0,0.0,0.0,0.0,0,0,0,1,0,0,0,0,0,0,0,0,0,0,0,0,BCC（立方）,0,0,0,0,0,1,0,0,0,0,0,0,0,0,0,0,0,0,0,0,0,0,0,0,0,0,0,0,0,0,0,0
298,5.0,1,1.25,3.22493539922277,3.22493539922277,33.54,17.63,17.63,0.0,0.0,0.0,0.0,0.0,17.63,0.0,30.88,0.0,0.0,0.0,0.0,0.0,16.22,0.0,0.0,0.0,0.0,0.0,0,0,0,1,0,0,0,0,0,0,0,0,0,0,0,0,BCC（立方）,0,0,0,0,0,1,0,0,0,0,0,0,0,0,0,0,0,0,0,0,0,0,0,0,0,0,0,0,0,0,0,0
303,2.5,5,3.6,3.127470047123114,3.127470047123114,30.59,50.0,25.0,0.0,0.0,0.0,25.0,0.0,0.0,0.0,0.0,0.0,0.0,0.0,0.0,0.0,0.0,0.0,0.0,0.0,0.0,0.0,0,0,0,0,0,0,0,0,0,0,0,0,0,0,0,0,BCC（立方）,0,0,0,0,1,1,0,0,0,0,0,0,0,0,0,0,0,0,0,0,0,1,0,0,0,0,0,0,0,0,0,0
303,2.5,1,2.04,3.128492096230878,3.128492096230878,30.62,42.75,23.75,0.0,0.0,9.75,23.75,0.0,0.0,0.0,0.0,0.0,0.0,0.0,0.0,0.0,0.0,0.0,0.0,0.0,0.0,0.0,0,0,0,0,0,0,0,1,0,0,0,0,0,0,0,0,BCC（立方）,0,0,0,0,1,1,0,0,0,0,0,0,0,0,0,0,0,0,0,0,0,1,0,0,0,0,0,0,0,0,0,0
303,2.5,1,2.7,3.133252852417014,3.133252852417014,30.76,39.99,23.25,0.0,0.0,13.51,23.25,0.0,0.0,0.0,0.0,0.0,0.0,0.0,0.0,0.0,0.0,0.0,0.0,0.0,0.0,0.0,0,0,0,0,0,0,0,1,0,0,0,0,0,0,0,0,BCC（立方）,0,0,0,0,1,1,0,0,0,0,0,0,0,0,0,0,0,0,0,0,0,1,0,0,0,0,0,0,0,0,0,0
303,2.5,10,1.95,3.133252852417014,3.133252852417014,30.76,39.99,23.25,0.0,0.0,13.51,23.25,0.0,0.0,0.0,0.0,0.0,0.0,0.0,0.0,0.0,0.0,0.0,0.0,0.0,0.0,0.0,0,0,0,0,0,0,0,1,0,0,0,0,0,0,0,0,BCC（立方）,0,0,0,0,0,1,0,0,0,0,1,0,0,0,0,0,0,0,0,0,0,0,0,0,1,0,0,0,0,0,0,0
303,2.5,1,3.29,3.124741311919677,3.124741311919677,30.51,45.59,24.25,0.0,5.91,0.0,24.25,0.0,0.0,0.0,0.0,0.0,0.0,0.0,0.0,0.0,0.0,0.0,0.0,0.0,0.0,0.0,0,0,0,0,0,0,0,0,0,0,0,0,0,0,0,1,BCC（立方）,0,0,0,0,0,1,0,0,0,0,1,0,0,0,0,0,0,0,0,0,0,0,0,0,1,0,0,0,0,0,0,0
303,4.0,2,1.58,2.981740946298623,2.981740946298623,26.51,50.0,0.0,10.0,0.0,0.0,0.0,40.0,0.0,0.0,0.0,0.0,0.0,0.0,0.0,0.0,0.0,0.0,0.0,0.0,0.0,0.0,0,0,0,0,0,0,0,0,0,0,0,0,0,0,0,0,BCC（立方）,0,0,0,0,0,1,0,0,0,0,0,0,0,0,0,0,0,0,0,0,0,0,0,0,0,0,0,0,0,0,0,0
298,2.5,2,2.7,3.260753335631749,3.260753335631749,34.67,32.5,27.5,0.0,0.0,12.5,0.0,0.0,27.5,0.0,0.0,0.0,0.0,0.0,0.0,0.0,0.0,0.0,0.0,0.0,0.0,0.0,0,0,0,0,0,0,0,0,0,0,0,0,0,0,0,0,BCC（立方）,0,0,0,0,0,1,0,0,0,0,0,0,0,0,0,0,0,0,0,0,0,0,0,0,0,0,0,0,0,0,0,0
298,2.5,20,2.25,3.260753335631749,3.260753335631749,34.67,32.5,27.5,0.0,0.0,12.5,0.0,0.0,27.5,0.0,0.0,0.0,0.0,0.0,0.0,0.0,0.0,0.0,0.0,0.0,0.0,0.0,0,0,0,0,0,0,0,0,0,0,0,0,0,0,0,0,BCC（立方）,0,0,0,0,0,1,0,0,0,0,0,0,0,0,0,0,0,0,0,0,0,0,0,0,0,0,0,0,0,0,0,0
298,2.5,1,2.6,3.247216551719693,3.247216551719693,34.24,27.0,22.5,0.0,0.0,9.0,0.0,0.0,22.5,0.0,19.0,0.0,0.0,0.0,0.0,0.0,0.0,0.0,0.0,0.0,0.0,0.0,0,0,0,1,0,0,0,0,0,0,0,0,0,0,0,0,BCC（立方）,0,0,0,0,0,1,0,0,0,0,0,0,0,0,0,0,0,0,0,0,0,0,0,0,0,0,0,0,0,0,0,0
298,4.0,3,3.86,3.04775432652238,3.04775432652238,28.31,9.6,86.4,0.0,0.0,0.0,0.0,4.0,0.0,0.0,0.0,0.0,0.0,0.0,0.0,0.0,0.0,0.0,0.0,0.0,0.0,0.0,0,0,0,0,0,0,0,0,0,0,0,0,0,0,0,0,BCC（立方）,0,0,0,0,0,1,0,0,0,0,0,0,0,0,1,0,0,0,0,0,0,0,0,0,0,0,0,0,0,0,0,0
298,4.0,1,3.61,3.054200072179893,3.054200072179893,28.49,10.14,83.48,1.45,0.0,0.1,0.0,3.86,0.0,0.0,0.0,0.0,0.0,0.0,0.0,0.97,0.0,0.0,0.0,0.0,0.0,0.0,0,0,0,0,0,0,0,0,0,0,0,0,0,0,0,0,BCC（立方）,0,0,0,0,0,1,0,0,0,0,0,0,0,0,0,0,0,0,0,0,0,0,0,0,0,0,0,0,0,0,0,0
473,1.0,1,2.2,3.43894099364986,3.43894099364986,40.67,40.0,30.0,0.0,0.0,30.0,0.0,0.0,0.0,0.0,0.0,0.0,0.0,0.0,0.0,0.0,0.0,0.0,0.0,0.0,0.0,0.0,0,0,0,0,0,0,0,0,0,0,0,0,0,0,0,0,BCC（立方）,0,0,0,0,0,1,0,0,0,0,0,0,0,0,0,0,0,0,0,0,0,0,0,0,0,0,0,0,0,0,0,0
473,1.0,1,2.4,3.424505762771719,3.424505762771719,40.16,40.0,35.0,0.0,0.0,25.0,0.0,0.0,0.0,0.0,0.0,0.0,0.0,0.0,0.0,0.0,0.0,0.0,0.0,0.0,0.0,0.0,0,0,0,0,0,0,0,0,0,0,0,0,0,0,0,0,BCC（立方）,0,0,0,0,0,1,0,0,0,0,0,0,0,0,0,0,0,0,0,0,0,0,0,0,0,0,0,0,0,0,0,0
473,1.0,1,2.2,3.430464397790711,3.430464397790711,40.37,40.0,40.0,0.0,0.0,20.0,0.0,0.0,0.0,0.0,0.0,0.0,0.0,0.0,0.0,0.0,0.0,0.0,0.0,0.0,0.0,0.0,0,0,0,0,0,0,0,0,0,0,0,0,0,0,0,0,BCC（立方）,0,0,0,0,0,1,0,0,0,0,0,0,0,0,0,0,0,0,0,0,0,0,0,0,0,0,0,0,0,0,0,0
473,1.0,1,2.46,3.423937191324647,3.423937191324647,40.14,40.0,45.0,0.0,0.0,15.0,0.0,0.0,0.0,0.0,0.0,0.0,0.0,0.0,0.0,0.0,0.0,0.0,0.0,0.0,0.0,0.0,0,0,0,0,0,0,0,0,0,0,0,0,0,0,0,0,BCC（立方）,0,0,0,0,0,1,0,0,0,0,0,0,0,0,0,0,0,0,0,0,0,0,0,0,0,0,0,0,0,0,0,0
298,5.0,2,3.51,3.039117356867154,3.039117356867154,28.07,35.0,35.0,6.0,0.0,0.0,10.0,14.0,0.0,0.0,0.0,0.0,0.0,0.0,0.0,0.0,0.0,0.0,0.0,0.0,0.0,0.0,0,0,0,0,0,0,0,0,0,0,0,0,0,0,0,0,BCC（立方）,0,0,0,0,0,1,0,0,0,0,0,0,0,0,1,0,0,0,0,0,0,0,0,0,0,0,0,0,0,0,0,0
298,5.0,2,3.6,3.040920773713871,3.040920773713871,28.12,35.0,35.0,8.0,0.0,0.0,10.0,12.0,0.0,0.0,0.0,0.0,0.0,0.0,0.0,0.0,0.0,0.0,0.0,0.0,0.0,0.0,0,0,0,0,0,0,0,0,0,0,0,0,0,0,0,0,BCC（立方）,0,0,0,0,0,1,0,0,0,0,0,0,0,0,1,0,0,0,0,0,0,0,0,0,0,0,0,0,0,0,0,0
298,5.0,2,3.67,3.042001797897969,3.042001797897969,28.15,35.0,35.0,10.0,0.0,0.0,10.0,10.0,0.0,0.0,0.0,0.0,0.0,0.0,0.0,0.0,0.0,0.0,0.0,0.0,0.0,0.0,0,0,0,0,0,0,0,0,0,0,0,0,0,0,0,0,BCC（立方）,0,0,0,0,0,1,0,0,0,0,0,0,0,0,1,0,0,0,0,0,0,0,0,0,0,0,0,0,0,0,0,0
298,5.0,2,3.73,3.04452120423004,3.04452120423004,28.22,35.0,35.0,12.0,0.0,0.0,10.0,8.0,0.0,0.0,0.0,0.0,0.0,0.0,0.0,0.0,0.0,0.0,0.0,0.0,0.0,0.0,0,0,0,0,0,0,0,0,0,0,0,0,0,0,0,0,BCC（立方）,0,0,0,0,0,1,0,0,0,0,0,0,0,0,1,0,0,0,0,0,0,0,0,0,0,0,0,0,0,0,0,0
298,5.0,2,3.79,3.046318230502706,3.046318230502706,28.27,35.0,35.0,14.0,0.0,0.0,10.0,6.0,0.0,0.0,0.0,0.0,0.0,0.0,0.0,0.0,0.0,0.0,0.0,0.0,0.0,0.0,0,0,0,0,0,0,0,0,0,0,0,0,0,0,0,0,BCC（立方）,0,0,0,0,0,1,0,0,0,0,0,0,0,0,1,0,0,0,0,0,0,0,0,0,0,0,0,0,0,0,0,0
298,5.0,2,3.22,3.048113139137718,3.048113139137718,28.32,38.0,32.0,8.0,0.0,0.0,10.0,12.0,0.0,0.0,0.0,0.0,0.0,0.0,0.0,0.0,0.0,0.0,0.0,0.0,0.0,0.0,0,0,0,0,0,0,0,0,0,0,0,0,0,0,0,0,BCC（立方）,0,0,0,0,0,1,0,0,0,0,0,0,0,0,1,0,0,0,0,0,0,0,0,0,0,0,0,0,0,0,0,0
298,5.0,2,3.15,3.054200072179893,3.054200072179893,28.49,41.0,29.0,8.0,0.0,0.0,10.0,12.0,0.0,0.0,0.0,0.0,0.0,0.0,0.0,0.0,0.0,0.0,0.0,0.0,0.0,0.0,0,0,0,0,0,0,0,0,0,0,0,0,0,0,0,0,BCC（立方）,0,0,0,0,0,1,0,0,0,0,0,0,0,0,1,0,0,0,0,0,0,0,0,0,0,0,0,0,0,0,0,0
298,5.0,2,3.18,3.06204144182375,3.06204144182375,28.71,44.0,26.0,8.0,0.0,0.0,10.0,12.0,0.0,0.0,0.0,0.0,0.0,0.0,0.0,0.0,0.0,0.0,0.0,0.0,0.0,0.0,0,0,0,0,0,0,0,0,0,0,0,0,0,0,0,0,BCC（立方）,0,0,0,0,0,1,0,0,0,0,0,0,0,0,1,0,0,0,0,0,0,0,0,0,0,0,0,0,0,0,0,0
298,5.0,2,3.12,3.071257040563584,3.071257040563584,28.97,47.0,23.0,8.0,0.0,0.0,10.0,12.0,0.0,0.0,0.0,0.0,0.0,0.0,0.0,0.0,0.0,0.0,0.0,0.0,0.0,0.0,0,0,0,0,0,0,0,0,0,0,0,0,0,0,0,0,BCC（立方）,0,0,0,0,0,1,0,0,0,0,0,0,0,0,1,0,0,0,0,0,0,0,0,0,0,0,0,0,0,0,0,0
298,2.0,1,4.2,3.123716806498073,3.123716806498073,30.48,17.98,33.36,0.0,0.0,29.75,8.99,9.92,0.0,0.0,0.0,0.0,0.0,0.0,0.0,0.0,0.0,0.0,0.0,0.0,0.0,0.0,0,0,0,0,0,0,0,1,1,0,0,0,0,0,0,0,BCC（立方）,0,0,0,0,0,1,0,0,0,0,0,0,0,0,0,0,0,0,0,0,0,0,0,0,0,0,0,0,0,0,0,0
298,2.0,1,4.1,3.128492096230878,3.128492096230878,30.62,15.86,39.5,0.0,0.0,27.53,7.93,9.18,0.0,0.0,0.0,0.0,0.0,0.0,0.0,0.0,0.0,0.0,0.0,0.0,0.0,0.0,0,0,0,0,0,0,0,1,1,0,0,0,0,0,0,0,BCC（立方）,0,0,0,0,0,1,0,0,0,0,0,0,0,0,0,0,0,0,0,0,0,0,0,0,0,0,0,0,0,0,0,0
298,2.0,1,4.0,3.124741311919677,3.124741311919677,30.51,11.03,55.13,0.0,0.0,21.25,5.51,7.08,0.0,0.0,0.0,0.0,0.0,0.0,0.0,0.0,0.0,0.0,0.0,0.0,0.0,0.0,0,0,0,0,0,0,0,1,1,0,0,0,0,0,0,0,BCC（立方）,0,0,0,0,0,1,0,0,0,0,0,0,0,0,0,0,0,0,0,0,0,0,0,0,0,0,0,0,0,0,0,0
298,1.5,1,3.06,3.114122179299749,3.114122179299749,30.2,29.17,29.17,0.0,0.0,0.0,12.5,0.0,29.17,0.0,0.0,0.0,0.0,0.0,0.0,0.0,0.0,0.0,0.0,0.0,0.0,0.0,0,0,0,0,0,0,0,0,0,0,0,0,0,0,0,0,BCC（立方）,0,0,0,0,1,1,0,0,0,0,0,0,0,0,0,0,0,0,0,0,0,0,0,0,0,0,0,0,0,0,0,0
423,3.0,1,1.645,2.997776129652017,2.997776129652017,26.94,23.48,0.0,4.35,0.0,2.17,0.0,15.22,0.0,0.0,0.0,0.43,32.6,0.0,0.0,21.74,0.0,0.0,0.0,0.0,0.0,0.0,0,0,0,0,0,0,0,0,0,0,0,0,0,0,1,0,BCC（立方）,0,0,0,0,0,1,0,0,0,0,0,0,0,0,0,0,0,0,0,0,0,0,0,0,0,0,0,0,0,0,0,0
303,1.5,2,1.533,2.997776129652017,2.997776129652017,26.94,23.48,0.0,4.35,0.0,2.17,0.0,15.22,0.0,0.0,0.0,0.43,32.6,0.0,0.0,21.74,0.0,0.0,0.0,0.0,0.0,0.0,0,0,0,0,0,0,0,0,0,0,0,0,0,0,1,0,BCC（立方）,0,0,0,0,0,1,0,0,0,0,0,0,0,0,0,0,0,0,0,0,0,0,0,0,0,0,0,0,0,0,0,0
273,8.0,1,3.9,3.036588971875662,3.036588971875662,28.0,10.89,75.0,0.0,0.0,0.0,12.11,2.0,0.0,0.0,0.0,0.0,0.0,0.0,0.0,0.0,0.0,0.0,0.0,0.0,0.0,0.0,0,0,0,0,0,0,0,0,0,0,0,0,0,0,0,0,BCC（立方）,0,0,0,0,0,1,0,0,0,0,0,0,0,0,0,0,0,0,0,0,0,0,0,0,0,0,0,0,0,0,0,0
273,8.0,1,3.82,3.036588971875662,3.036588971875662,28.0,10.57,72.79,0.0,0.0,0.0,11.75,1.94,0.0,0.0,1.0,0.0,0.0,0.0,0.0,0.0,0.0,0.0,0.0,0.97,0.97,0.0,0,0,0,1,0,0,0,0,0,0,0,0,0,0,0,0,BCC（立方）,0,0,0,0,0,1,0,0,0,0,0,0,0,0,0,0,0,0,0,0,0,0,0,0,0,0,0,0,0,0,0,0
273,8.0,1,3.74,3.036588971875662,3.036588971875662,28.0,10.36,71.36,0.0,0.0,0.0,11.52,1.9,0.0,0.0,2.0,0.0,0.0,0.0,0.0,0.0,0.0,0.0,0.0,0.95,1.9,0.0,0,0,0,1,0,0,0,0,0,0,0,0,0,0,0,0,BCC（立方）,0,0,0,0,0,1,0,0,0,0,0,0,0,0,0,0,0,0,0,0,0,0,0,0,0,0,0,0,0,0,0,0
273,8.0,1,3.52,3.040199663709668,3.040199663709668,28.1,9.97,68.63,0.0,0.0,0.0,11.08,1.83,0.0,0.0,3.0,0.0,0.0,0.0,0.0,0.0,0.0,0.0,0.0,1.83,2.75,0.92,0,0,0,1,0,0,0,0,0,0,0,0,0,0,0,0,BCC (立方)（立方）,0,0,0,0,0,1,0,0,0,0,0,0,0,0,0,0,0,0,0,0,0,0,0,0,0,0,0,0,0,1,0,0
273,8.0,1,3.36,3.040199663709668,3.040199663709668,28.1,9.76,67.22,0.0,0.0,0.0,10.85,1.79,0.0,0.0,5.0,0.0,0.0,0.0,0.0,0.0,0.0,0.0,0.0,0.9,4.48,0.0,0,0,0,1,0,0,0,0,0,0,0,0,0,0,0,0,BCC（立方）,0,0,0,0,0,1,0,0,0,0,0,0,0,0,1,0,0,0,0,0,0,0,0,0,0,0,0,0,0,0,0,0
273,8.0,1,3.7,3.036588971875662,3.036588971875662,28.0,10.89,75.0,0.0,0.0,0.0,12.11,2.0,0.0,0.0,0.0,0.0,0.0,0.0,0.0,0.0,0.0,0.0,0.0,0.0,0.0,0.0,0,0,0,0,0,0,0,0,0,0,0,0,0,0,0,0,BCC（立方）,0,0,0,0,0,1,0,0,0,0,0,0,0,0,0,0,0,0,0,0,0,0,0,0,0,0,0,0,0,0,0,0
273,8.0,1,3.03,3.029341715272494,3.029341715272494,27.8,10.89,75.0,0.0,0.0,0.0,12.11,2.0,0.0,0.0,0.0,0.0,0.0,0.0,0.0,0.0,0.0,0.0,0.0,0.0,0.0,0.0,0,0,0,0,0,0,0,0,0,0,0,0,0,0,0,0,BCC (立方)+C14 Laves（六方）,0,0,0,0,0,1,0,0,0,0,0,0,0,0,1,0,0,0,0,0,1,0,0,0,0,0,0,0,0,1,0,0
273,8.0,1,3.73,3.036588971875662,3.036588971875662,28.0,10.46,72.06,0.0,3.92,0.0,11.64,1.92,0.0,0.0,0.0,0.0,0.0,0.0,0.0,0.0,0.0,0.0,0.0,0.0,0.0,0.0,0,0,0,0,0,0,0,0,0,0,0,0,0,0,0,1,BCC（立方）,0,0,0,0,0,1,0,0,0,0,0,0,0,0,0,0,0,0,0,0,0,0,0,0,0,0,0,0,0,0,0,0
273,8.0,1,3.57,3.040199663709668,3.040199663709668,28.1,10.26,70.63,0.0,5.83,0.0,11.4,1.88,0.0,0.0,0.0,0.0,0.0,0.0,0.0,0.0,0.0,0.0,0.0,0.0,0.0,0.0,0,0,0,0,0,0,0,0,0,0,0,0,0,0,0,1,BCC（立方）,0,0,0,0,0,1,0,0,0,0,0,0,0,0,0,0,0,0,0,0,0,0,0,0,0,0,0,0,0,0,0,0
298,8.0,1,3.73,3.036588971875662,3.036588971875662,28.0,10.46,72.06,0.0,3.92,0.0,11.64,1.92,0.0,0.0,0.0,0.0,0.0,0.0,0.0,0.0,0.0,0.0,0.0,0.0,0.0,0.0,0,0,0,0,0,0,0,0,0,0,0,0,0,0,0,1,BCC（立方）,0,0,0,0,0,1,0,0,0,0,0,0,0,0,0,0,0,0,0,0,0,0,0,0,0,0,0,0,0,0,0,0
273,8.0,1,1.28,2.988847480702055,2.988847480702055,26.7,10.26,70.63,0.0,5.83,0.0,11.4,1.88,0.0,0.0,0.0,0.0,0.0,0.0,0.0,0.0,0.0,0.0,0.0,0.0,0.0,0.0,0,0,0,0,0,0,0,0,0,0,0,0,0,0,0,1,BCC（立方）,0,0,0,0,0,1,0,0,0,0,0,0,0,0,0,0,0,0,0,0,0,0,0,0,0,0,0,0,0,0,0,0
298,7.0,4,1.75,2.975730112920717,2.975730112920717,26.35,50.0,0.0,0.0,0.0,0.0,0.0,50.0,0.0,0.0,0.0,0.0,0.0,0.0,0.0,0.0,0.0,0.0,0.0,0.0,0.0,0.0,0,0,0,0,0,0,0,0,0,0,0,0,0,0,0,0,TiFe（立方）,0,0,0,0,0,0,1,0,0,0,0,0,0,0,0,0,0,0,0,0,0,0,0,0,0,0,0,0,0,0,0,0
298,15.0,2,1.74,2.980615760929032,2.980615760929032,26.48,50.0,1.2,0.0,0.0,0.0,0.0,48.8,0.0,0.0,0.0,0.0,0.0,0.0,0.0,0.0,0.0,0.0,0.0,0.0,0.0,0.0,0,0,0,0,0,0,0,0,0,0,0,0,0,0,0,0,TiFe（立方）,0,0,0,0,0,0,1,0,0,0,0,0,0,0,0,0,0,0,0,0,0,0,0,0,0,0,0,0,0,0,0,0
298,15.0,2,1.76,2.985859378254397,2.985859378254397,26.62,50.0,3.15,0.0,0.0,0.0,0.0,46.85,0.0,0.0,0.0,0.0,0.0,0.0,0.0,0.0,0.0,0.0,0.0,0.0,0.0,0.0,0,0,0,0,0,0,0,0,0,0,0,0,0,0,0,0,TiFe（立方）,0,0,0,0,0,0,1,0,0,0,0,0,0,0,0,0,0,0,0,0,0,0,0,0,0,0,0,0,0,0,0,0
298,15.0,1,1.71,2.993690442836381,2.993690442836381,26.83,50.0,0.0,0.0,0.0,0.15,0.0,49.85,0.0,0.0,0.0,0.0,0.0,0.0,0.0,0.0,0.0,0.0,0.0,0.0,0.0,0.0,0,0,0,0,0,0,0,0,0,0,0,0,0,0,0,0,TiFe（立方）,0,0,0,0,0,0,1,0,0,0,0,0,0,0,0,0,0,0,0,0,0,0,0,0,0,0,0,0,0,0,0,0
298,5.0,5,1.69,2.975730112920717,2.975730112920717,26.35,50.0,0.0,0.0,0.0,0.0,0.0,50.0,0.0,0.0,0.0,0.0,0.0,0.0,0.0,0.0,0.0,0.0,0.0,0.0,0.0,0.0,0,0,0,0,0,0,0,0,0,0,0,0,0,0,0,0,TiFe（立方）,0,0,0,0,0,0,1,0,0,0,0,0,0,0,0,0,0,0,0,0,0,0,0,0,0,0,0,0,0,0,0,0
298,2.5,5,1.66,2.982115819441409,2.982115819441409,26.52,52.63,0.0,0.0,0.0,0.0,0.0,47.37,0.0,0.0,0.0,0.0,0.0,0.0,0.0,0.0,0.0,0.0,0.0,0.0,0.0,0.0,0,0,0,0,0,0,0,0,0,0,0,0,0,0,0,0,TiFe（立方）,0,0,1,0,0,0,1,0,0,0,0,0,0,0,0,0,0,1,0,0,0,0,0,1,0,0,0,0,0,0,0,0
298,5.0,5,1.55,2.975730112920717,2.975730112920717,26.35,48.78,0.0,2.44,0.0,0.0,0.0,48.78,0.0,0.0,0.0,0.0,0.0,0.0,0.0,0.0,0.0,0.0,0.0,0.0,0.0,0.0,0,0,0,0,0,0,0,0,0,0,0,0,0,0,0,0,TiFe（立方）,0,0,0,0,0,0,1,0,1,0,0,0,0,0,0,0,0,0,0,0,0,0,0,0,0,0,0,0,0,0,0,0
298,5.0,5,1.73,2.976858993951966,2.976858993951966,26.38,50.0,0.0,2.5,0.0,0.0,0.0,47.5,0.0,0.0,0.0,0.0,0.0,0.0,0.0,0.0,0.0,0.0,0.0,0.0,0.0,0.0,0,0,0,0,0,0,0,0,0,0,0,0,0,0,0,0,TiFe（立方）,0,0,0,0,0,0,1,0,0,0,0,0,0,0,0,0,0,0,0,0,0,0,0,0,0,0,0,0,0,0,0,0
298,5.0,5,1.84,2.983239873757975,2.983239873757975,26.55,51.28,0.0,2.56,0.0,0.0,0.0,46.15,0.0,0.0,0.0,0.0,0.0,0.0,0.0,0.0,0.0,0.0,0.0,0.0,0.0,0.0,0,0,0,0,0,0,0,0,0,0,0,0,0,0,0,0,TiFe（立方）,0,0,0,0,0,0,1,0,0,0,0,0,0,0,0,0,0,1,0,0,0,0,0,1,0,0,0,0,0,0,0,0
298,2.5,5,1.73,2.985859378254397,2.985859378254397,26.62,52.63,0.0,2.63,0.0,0.0,0.0,44.74,0.0,0.0,0.0,0.0,0.0,0.0,0.0,0.0,0.0,0.0,0.0,0.0,0.0,0.0,0,0,0,0,0,0,0,0,0,0,0,0,0,0,0,0,TiFe（立方）,0,0,1,0,0,0,1,0,0,0,0,0,0,0,0,0,0,1,0,0,0,0,0,1,0,0,0,0,0,0,0,0
298,2.5,5,1.55,2.985859378254397,2.985859378254397,26.62,54.05,0.0,2.7,0.0,0.0,0.0,43.24,0.0,0.0,0.0,0.0,0.0,0.0,0.0,0.0,0.0,0.0,0.0,0.0,0.0,0.0,0,0,0,0,0,0,0,0,0,0,0,0,0,0,0,0,TiFe（立方）,0,0,1,0,0,0,1,0,0,0,0,0,0,0,0,0,0,1,0,0,0,0,0,1,0,0,0,0,0,0,0,0
298,5.0,5,1.75,2.979865165137806,2.979865165137806,26.46,50.0,0.0,5.0,0.0,0.0,0.0,45.0,0.0,0.0,0.0,0.0,0.0,0.0,0.0,0.0,0.0,0.0,0.0,0.0,0.0,0.0,0,0,0,0,0,0,0,0,0,0,0,0,0,0,0,0,TiFe（立方）,0,0,0,0,0,0,1,0,0,0,0,0,0,0,0,0,0,0,0,0,0,0,0,0,0,0,0,0,0,0,0,0
298,5.0,5,1.77,2.986980617330213,2.986980617330213,26.65,52.63,0.0,5.26,0.0,0.0,0.0,42.11,0.0,0.0,0.0,0.0,0.0,0.0,0.0,0.0,0.0,0.0,0.0,0.0,0.0,0.0,0,0,0,0,0,0,0,0,0,0,0,0,0,0,0,0,TiFe（立方）,0,0,1,0,0,0,1,0,0,0,0,0,0,0,0,0,0,1,0,0,0,0,0,1,0,0,0,0,0,0,0,0
363,3.0,1,2.61,3.044880779195499,3.044880779195499,28.23,22.11,23.91,13.75,0.0,10.93,0.0,0.0,0.0,0.0,0.0,0.0,28.7,0.0,0.0,0.6,0.0,0.0,0.0,0.0,0.0,0.0,0,0,0,0,0,0,0,1,0,0,0,0,0,0,1,0,TiFe（立方）,0,1,0,0,0,0,1,0,0,1,0,0,0,0,0,0,0,0,0,0,0,0,0,0,0,0,0,0,0,0,0,0
303,3.5,2,1.28,2.990339294017244,2.990339294017244,26.74,52.38,0.0,7.14,0.0,0.0,2.38,38.1,0.0,0.0,0.0,0.0,0.0,0.0,0.0,0.0,0.0,0.0,0.0,0.0,0.0,0.0,0,0,0,0,0,0,0,0,0,0,0,0,0,0,0,0,TiFe（立方）,0,1,0,0,0,0,1,0,0,1,0,0,0,0,0,0,0,0,0,0,0,0,0,0,0,0,0,0,0,0,0,0
323,3.5,2,1.06,2.990339294017244,2.990339294017244,26.74,52.38,0.0,7.14,0.0,0.0,2.38,38.1,0.0,0.0,0.0,0.0,0.0,0.0,0.0,0.0,0.0,0.0,0.0,0.0,0.0,0.0,0,0,0,0,0,0,0,0,0,0,0,0,0,0,0,0,TiFe（立方）,0,1,0,0,0,0,1,0,0,1,0,0,0,0,0,0,0,0,0,0,0,0,0,0,0,0,0,0,0,0,0,0
343,3.5,2,0.87,2.990339294017244,2.990339294017244,26.74,52.38,0.0,7.14,0.0,0.0,2.38,38.1,0.0,0.0,0.0,0.0,0.0,0.0,0.0,0.0,0.0,0.0,0.0,0.0,0.0,0.0,0,0,0,0,0,0,0,0,0,0,0,0,0,0,0,0,TiFe（立方）,0,1,0,0,0,0,1,0,0,1,0,0,0,0,0,0,0,0,0,0,0,0,0,0,0,0,0,0,0,0,0,0
363,3.5,2,0.73,2.990339294017244,2.990339294017244,26.74,52.38,0.0,7.14,0.0,0.0,2.38,38.1,0.0,0.0,0.0,0.0,0.0,0.0,0.0,0.0,0.0,0.0,0.0,0.0,0.0,0.0,0,0,0,0,0,0,0,0,0,0,0,0,0,0,0,0,TiFe（立方）,0,1,0,0,0,0,1,0,0,1,0,0,0,0,0,0,0,0,0,0,0,0,0,0,0,0,0,0,0,0,0,0
383,3.5,2,0.64,2.990339294017244,2.990339294017244,26.74,52.38,0.0,7.14,0.0,0.0,2.38,38.1,0.0,0.0,0.0,0.0,0.0,0.0,0.0,0.0,0.0,0.0,0.0,0.0,0.0,0.0,0,0,0,0,0,0,0,0,0,0,0,0,0,0,0,0,TiFe（立方）,0,1,0,0,0,0,1,0,0,1,0,0,0,0,0,0,0,0,0,0,0,0,0,0,0,0,0,0,0,0,0,0
303,3.5,2,1.56,2.991457177969604,2.991457177969604,26.77,52.14,0.0,7.14,0.24,0.0,2.38,38.1,0.0,0.0,0.0,0.0,0.0,0.0,0.0,0.0,0.0,0.0,0.0,0.0,0.0,0.0,0,0,0,0,0,0,0,0,0,0,0,0,0,0,0,0,TiFe（立方）,0,1,0,0,0,0,1,0,0,1,0,0,0,0,0,0,0,0,0,0,0,0,0,0,0,0,0,0,0,0,0,0
323,3.5,2,1.24,2.991457177969604,2.991457177969604,26.77,52.14,0.0,7.14,0.24,0.0,2.38,38.1,0.0,0.0,0.0,0.0,0.0,0.0,0.0,0.0,0.0,0.0,0.0,0.0,0.0,0.0,0,0,0,0,0,0,0,0,0,0,0,0,0,0,0,0,TiFe（立方）,0,1,0,0,0,0,1,0,0,1,0,0,0,0,0,0,0,0,0,0,0,0,0,0,0,0,0,0,0,0,0,0
343,3.5,2,1.05,2.991457177969604,2.991457177969604,26.77,52.14,0.0,7.14,0.24,0.0,2.38,38.1,0.0,0.0,0.0,0.0,0.0,0.0,0.0,0.0,0.0,0.0,0.0,0.0,0.0,0.0,0,0,0,0,0,0,0,0,0,0,0,0,0,0,0,0,TiFe（立方）,0,1,0,0,0,0,1,0,0,1,0,0,0,0,0,0,0,0,0,0,0,0,0,0,0,0,0,0,0,0,0,0
363,3.5,2,0.94,2.991457177969604,2.991457177969604,26.77,52.14,0.0,7.14,0.24,0.0,2.38,38.1,0.0,0.0,0.0,0.0,0.0,0.0,0.0,0.0,0.0,0.0,0.0,0.0,0.0,0.0,0,0,0,0,0,0,0,0,0,0,0,0,0,0,0,0,TiFe（立方）,0,1,0,0,0,0,1,0,0,1,0,0,0,0,0,0,0,0,0,0,0,0,0,0,0,0,0,0,0,0,0,0
383,3.5,2,0.86,2.991457177969604,2.991457177969604,26.77,52.14,0.0,7.14,0.24,0.0,2.38,38.1,0.0,0.0,0.0,0.0,0.0,0.0,0.0,0.0,0.0,0.0,0.0,0.0,0.0,0.0,0,0,0,0,0,0,0,0,0,0,0,0,0,0,0,0,TiFe（立方）,0,0,0,0,0,0,1,0,0,1,0,0,0,0,0,0,0,0,0,0,0,0,0,0,0,0,0,0,0,0,0,0
303,3.5,2,1.6,2.993690442836381,2.993690442836381,26.83,51.9,0.0,7.14,0.48,0.0,2.38,38.1,0.0,0.0,0.0,0.0,0.0,0.0,0.0,0.0,0.0,0.0,0.0,0.0,0.0,0.0,0,0,0,0,0,0,0,0,0,0,0,0,0,0,0,0,TiFe（立方）,0,0,0,0,0,0,1,0,0,1,0,0,0,0,0,0,0,0,0,0,0,0,0,0,0,0,0,0,0,0,0,0
323,3.5,2,1.3,2.993690442836381,2.993690442836381,26.83,51.9,0.0,7.14,0.48,0.0,2.38,38.1,0.0,0.0,0.0,0.0,0.0,0.0,0.0,0.0,0.0,0.0,0.0,0.0,0.0,0.0,0,0,0,0,0,0,0,0,0,0,0,0,0,0,0,0,TiFe（立方）,0,0,0,0,0,0,1,0,0,1,0,0,0,0,0,0,0,0,0,0,0,0,0,0,0,0,0,0,0,0,0,0
343,3.5,2,1.12,2.993690442836381,2.993690442836381,26.83,51.9,0.0,7.14,0.48,0.0,2.38,38.1,0.0,0.0,0.0,0.0,0.0,0.0,0.0,0.0,0.0,0.0,0.0,0.0,0.0,0.0,0,0,0,0,0,0,0,0,0,0,0,0,0,0,0,0,TiFe（立方）,0,0,0,0,0,0,1,0,0,1,0,0,0,0,0,0,0,0,0,0,0,0,0,0,0,0,0,0,0,0,0,0
363,3.5,2,1.0,2.993690442836381,2.993690442836381,26.83,51.9,0.0,7.14,0.48,0.0,2.38,38.1,0.0,0.0,0.0,0.0,0.0,0.0,0.0,0.0,0.0,0.0,0.0,0.0,0.0,0.0,0,0,0,0,0,0,0,0,0,0,0,0,0,0,0,0,TiFe（立方）,0,0,0,0,0,0,1,0,0,1,0,0,0,0,0,0,0,0,0,0,0,0,0,0,0,0,0,0,0,0,0,0
383,3.5,2,0.91,2.993690442836381,2.993690442836381,26.83,51.9,0.0,7.14,0.48,0.0,2.38,38.1,0.0,0.0,0.0,0.0,0.0,0.0,0.0,0.0,0.0,0.0,0.0,0.0,0.0,0.0,0,0,0,0,0,0,0,0,0,0,0,0,0,0,0,0,TiFe（立方）,0,0,0,0,0,0,1,0,0,1,0,0,0,0,0,0,0,0,0,0,0,0,0,0,0,0,0,0,0,0,0,0
303,3.5,2,1.58,2.993690442836381,2.993690442836381,26.83,51.67,0.0,7.14,0.71,0.0,2.38,38.1,0.0,0.0,0.0,0.0,0.0,0.0,0.0,0.0,0.0,0.0,0.0,0.0,0.0,0.0,0,0,0,0,0,0,0,0,0,0,0,0,0,0,0,0,TiFe（立方）,0,0,0,0,0,0,1,0,0,1,0,0,0,0,0,0,0,0,0,0,0,0,0,0,0,0,0,0,0,0,0,0
323,3.5,2,1.26,2.993690442836381,2.993690442836381,26.83,51.67,0.0,7.14,0.71,0.0,2.38,38.1,0.0,0.0,0.0,0.0,0.0,0.0,0.0,0.0,0.0,0.0,0.0,0.0,0.0,0.0,0,0,0,0,0,0,0,0,0,0,0,0,0,0,0,0,TiFe（立方）,0,0,0,0,0,0,1,0,0,1,0,0,0,0,0,0,0,0,0,0,0,0,0,0,0,0,0,0,0,0,0,0
343,3.5,2,1.08,2.993690442836381,2.993690442836381,26.83,51.67,0.0,7.14,0.71,0.0,2.38,38.1,0.0,0.0,0.0,0.0,0.0,0.0,0.0,0.0,0.0,0.0,0.0,0.0,0.0,0.0,0,0,0,0,0,0,0,0,0,0,0,0,0,0,0,0,TiFe（立方）,0,0,0,0,0,0,1,0,0,1,0,0,0,0,0,0,0,0,0,0,0,0,0,0,0,0,0,0,0,0,0,0
363,3.5,2,0.98,2.993690442836381,2.993690442836381,26.83,51.67,0.0,7.14,0.71,0.0,2.38,38.1,0.0,0.0,0.0,0.0,0.0,0.0,0.0,0.0,0.0,0.0,0.0,0.0,0.0,0.0,0,0,0,0,0,0,0,0,0,0,0,0,0,0,0,0,TiFe（立方）,0,0,0,0,0,0,1,0,0,1,0,0,0,0,0,0,0,0,0,0,0,0,0,0,0,0,0,0,0,0,0,0
383,3.5,2,0.89,2.993690442836381,2.993690442836381,26.83,51.67,0.0,7.14,0.71,0.0,2.38,38.1,0.0,0.0,0.0,0.0,0.0,0.0,0.0,0.0,0.0,0.0,0.0,0.0,0.0,0.0,0,0,0,0,0,0,0,0,0,0,0,0,0,0,0,0,TiFe（立方）,0,0,0,0,0,0,1,0,0,1,0,0,0,0,0,0,0,0,0,0,0,0,0,0,0,0,0,0,0,0,0,0
303,3.5,2,1.57,2.992946391496469,2.992946391496469,26.81,51.43,0.0,7.14,0.95,0.0,2.38,38.1,0.0,0.0,0.0,0.0,0.0,0.0,0.0,0.0,0.0,0.0,0.0,0.0,0.0,0.0,0,0,0,0,0,0,0,0,0,0,0,0,0,0,0,0,TiFe（立方）,0,0,0,0,0,0,1,0,0,1,0,0,0,0,0,0,0,0,0,0,0,0,0,0,0,0,0,0,0,0,0,0
323,3.5,2,1.25,2.992946391496469,2.992946391496469,26.81,51.43,0.0,7.14,0.95,0.0,2.38,38.1,0.0,0.0,0.0,0.0,0.0,0.0,0.0,0.0,0.0,0.0,0.0,0.0,0.0,0.0,0,0,0,0,0,0,0,0,0,0,0,0,0,0,0,0,TiFe（立方）,0,0,0,0,0,0,1,0,0,1,0,0,0,0,0,0,0,0,0,0,0,0,0,0,0,0,0,0,0,0,0,0
343,3.5,2,1.07,2.992946391496469,2.992946391496469,26.81,51.43,0.0,7.14,0.95,0.0,2.38,38.1,0.0,0.0,0.0,0.0,0.0,0.0,0.0,0.0,0.0,0.0,0.0,0.0,0.0,0.0,0,0,0,0,0,0,0,0,0,0,0,0,0,0,0,0,TiFe（立方）,0,0,0,0,0,0,1,0,0,1,0,0,0,0,0,0,0,0,0,0,0,0,0,0,0,0,0,0,0,0,0,0
363,3.5,2,0.95,2.992946391496469,2.992946391496469,26.81,51.43,0.0,7.14,0.95,0.0,2.38,38.1,0.0,0.0,0.0,0.0,0.0,0.0,0.0,0.0,0.0,0.0,0.0,0.0,0.0,0.0,0,0,0,0,0,0,0,0,0,0,0,0,0,0,0,0,TiFe（立方）,0,0,0,0,0,0,1,0,0,1,0,0,0,0,0,0,0,0,0,0,0,0,0,0,0,0,0,0,0,0,0,0
298,4.0,2,1.56,2.991457177969604,2.991457177969604,26.77,47.5,0.0,0.0,2.5,0.0,0.0,50.0,0.0,0.0,0.0,0.0,0.0,0.0,0.0,0.0,0.0,0.0,0.0,0.0,0.0,0.0,0,0,0,0,0,0,0,0,0,0,0,0,0,0,0,0,TiFe（立方）,0,0,0,0,0,0,1,0,1,0,1,1,0,0,0,0,0,0,0,0,0,0,0,0,0,0,0,0,0,0,0,0
313,4.0,2,1.62,2.991457177969604,2.991457177969604,26.77,47.5,0.0,0.0,2.5,0.0,0.0,50.0,0.0,0.0,0.0,0.0,0.0,0.0,0.0,0.0,0.0,0.0,0.0,0.0,0.0,0.0,0,0,0,0,0,0,0,0,0,0,0,0,0,0,0,0,TiFe（立方）,0,0,0,0,0,0,1,0,1,0,1,1,0,0,0,0,0,0,0,0,0,0,0,0,0,0,0,0,0,0,0,0
333,4.0,2,1.54,2.991457177969604,2.991457177969604,26.77,47.5,0.0,0.0,2.5,0.0,0.0,50.0,0.0,0.0,0.0,0.0,0.0,0.0,0.0,0.0,0.0,0.0,0.0,0.0,0.0,0.0,0,0,0,0,0,0,0,0,0,0,0,0,0,0,0,0,TiFe（立方）,0,0,0,0,0,0,1,0,1,0,1,1,0,0,0,0,0,0,0,0,0,0,0,0,0,0,0,0,0,0,0,0
353,4.0,2,1.2,2.991457177969604,2.991457177969604,26.77,47.5,0.0,0.0,2.5,0.0,0.0,50.0,0.0,0.0,0.0,0.0,0.0,0.0,0.0,0.0,0.0,0.0,0.0,0.0,0.0,0.0,0,0,0,0,0,0,0,0,0,0,0,0,0,0,0,0,TiFe（立方）,0,0,0,0,0,0,1,0,1,0,1,1,0,0,0,0,0,0,0,0,0,0,0,0,0,0,0,0,0,0,0,0
298,4.0,2,1.55,2.993690442836381,2.993690442836381,26.83,45.0,0.0,0.0,5.0,0.0,0.0,50.0,0.0,0.0,0.0,0.0,0.0,0.0,0.0,0.0,0.0,0.0,0.0,0.0,0.0,0.0,0,0,0,0,0,0,0,0,0,0,0,0,0,0,0,0,TiFe（立方）,0,0,0,0,0,0,1,0,1,0,1,1,0,0,0,0,0,0,0,0,0,0,0,0,0,0,0,0,0,0,0,0
313,4.0,2,1.55,2.993690442836381,2.993690442836381,26.83,45.0,0.0,0.0,5.0,0.0,0.0,50.0,0.0,0.0,0.0,0.0,0.0,0.0,0.0,0.0,0.0,0.0,0.0,0.0,0.0,0.0,0,0,0,0,0,0,0,0,0,0,0,0,0,0,0,0,TiFe（立方）,0,0,0,0,0,0,1,0,1,0,1,1,0,0,0,0,0,0,0,0,0,0,0,0,0,0,0,0,0,0,0,0
333,4.0,2,1.27,2.993690442836381,2.993690442836381,26.83,45.0,0.0,0.0,5.0,0.0,0.0,50.0,0.0,0.0,0.0,0.0,0.0,0.0,0.0,0.0,0.0,0.0,0.0,0.0,0.0,0.0,0,0,0,0,0,0,0,0,0,0,0,0,0,0,0,0,TiFe（立方）,0,0,0,0,0,0,1,0,1,0,1,1,0,0,0,0,0,0,0,0,0,0,0,0,0,0,0,0,0,0,0,0
353,4.0,2,0.95,2.993690442836381,2.993690442836381,26.83,45.0,0.0,0.0,5.0,0.0,0.0,50.0,0.0,0.0,0.0,0.0,0.0,0.0,0.0,0.0,0.0,0.0,0.0,0.0,0.0,0.0,0,0,0,0,0,0,0,0,0,0,0,0,0,0,0,0,TiFe（立方）,0,0,0,0,0,0,1,0,1,0,1,1,0,0,0,0,0,0,0,0,0,0,0,0,0,0,0,0,0,0,0,0
298,4.0,2,1.25,2.992946391496469,2.992946391496469,26.81,42.5,0.0,0.0,7.5,0.0,0.0,50.0,0.0,0.0,0.0,0.0,0.0,0.0,0.0,0.0,0.0,0.0,0.0,0.0,0.0,0.0,0,0,0,0,0,0,0,0,0,0,0,0,0,0,0,0,TiFe（立方）,0,0,0,0,0,0,1,0,1,0,1,1,0,0,0,0,0,0,0,0,0,0,0,0,0,0,0,0,0,0,0,0
313,4.0,2,1.25,2.992946391496469,2.992946391496469,26.81,42.5,0.0,0.0,7.5,0.0,0.0,50.0,0.0,0.0,0.0,0.0,0.0,0.0,0.0,0.0,0.0,0.0,0.0,0.0,0.0,0.0,0,0,0,0,0,0,0,0,0,0,0,0,0,0,0,0,TiFe（立方）,0,0,0,0,0,0,1,0,1,0,1,1,0,0,0,0,0,0,0,0,0,0,0,0,0,0,0,0,0,0,0,0
333,4.0,2,1.09,2.992946391496469,2.992946391496469,26.81,42.5,0.0,0.0,7.5,0.0,0.0,50.0,0.0,0.0,0.0,0.0,0.0,0.0,0.0,0.0,0.0,0.0,0.0,0.0,0.0,0.0,0,0,0,0,0,0,0,0,0,0,0,0,0,0,0,0,TiFe（立方）,0,0,0,0,0,0,1,0,1,0,1,1,0,0,0,0,0,0,0,0,0,0,0,0,0,0,0,0,0,0,0,0
353,4.0,2,0.89,2.992946391496469,2.992946391496469,26.81,42.5,0.0,0.0,7.5,0.0,0.0,50.0,0.0,0.0,0.0,0.0,0.0,0.0,0.0,0.0,0.0,0.0,0.0,0.0,0.0,0.0,0,0,0,0,0,0,0,0,0,0,0,0,0,0,0,0,TiFe（立方）,0,0,0,0,0,0,1,0,0,0,1,1,0,0,0,0,0,0,0,0,0,0,0,1,0,0,0,0,0,0,0,0
298,4.0,2,1.61,2.979114191022048,2.979114191022048,26.44,50.0,0.0,0.0,2.5,0.0,0.0,47.5,0.0,0.0,0.0,0.0,0.0,0.0,0.0,0.0,0.0,0.0,0.0,0.0,0.0,0.0,0,0,0,0,0,0,0,0,0,0,0,0,0,0,0,0,TiFe（立方）,0,0,0,0,0,0,1,0,0,0,1,1,0,0,0,0,0,0,0,0,0,0,0,1,0,0,0,0,0,0,0,0
313,4.0,2,1.61,2.979114191022048,2.979114191022048,26.44,50.0,0.0,0.0,2.5,0.0,0.0,47.5,0.0,0.0,0.0,0.0,0.0,0.0,0.0,0.0,0.0,0.0,0.0,0.0,0.0,0.0,0,0,0,0,0,0,0,0,0,0,0,0,0,0,0,0,TiFe（立方）,0,0,0,0,0,0,1,0,0,0,1,1,0,0,0,0,0,0,0,0,0,0,0,1,0,0,0,0,0,0,0,0
333,4.0,2,1.39,2.979114191022048,2.979114191022048,26.44,50.0,0.0,0.0,2.5,0.0,0.0,47.5,0.0,0.0,0.0,0.0,0.0,0.0,0.0,0.0,0.0,0.0,0.0,0.0,0.0,0.0,0,0,0,0,0,0,0,0,0,0,0,0,0,0,0,0,TiFe（立方）,0,0,0,0,0,0,1,0,0,0,1,1,0,0,0,0,0,0,0,0,0,0,0,1,0,0,0,0,0,0,0,0
353,4.0,2,1.17,2.979114191022048,2.979114191022048,26.44,50.0,0.0,0.0,2.5,0.0,0.0,47.5,0.0,0.0,0.0,0.0,0.0,0.0,0.0,0.0,0.0,0.0,0.0,0.0,0.0,0.0,0,0,0,0,0,0,0,0,0,0,0,0,0,0,0,0,TiFe（立方）,0,0,0,0,0,0,1,0,0,0,1,1,0,0,0,0,0,0,0,0,0,0,0,1,0,0,0,0,0,0,0,0
298,4.0,2,1.77,2.984363081647897,2.984363081647897,26.58,50.0,0.0,0.0,5.0,0.0,0.0,45.0,0.0,0.0,0.0,0.0,0.0,0.0,0.0,0.0,0.0,0.0,0.0,0.0,0.0,0.0,0,0,0,0,0,0,0,0,0,0,0,0,0,0,0,0,TiFe（立方）,0,0,0,0,0,0,1,0,0,0,1,1,0,0,0,0,0,0,0,0,0,0,0,1,0,0,0,0,0,0,0,0
313,4.0,2,1.77,2.984363081647897,2.984363081647897,26.58,50.0,0.0,0.0,5.0,0.0,0.0,45.0,0.0,0.0,0.0,0.0,0.0,0.0,0.0,0.0,0.0,0.0,0.0,0.0,0.0,0.0,0,0,0,0,0,0,0,0,0,0,0,0,0,0,0,0,TiFe（立方）,0,0,0,0,0,0,1,0,0,0,1,1,0,0,0,0,0,0,0,0,0,0,0,1,0,0,0,0,0,0,0,0
333,4.0,2,1.58,2.984363081647897,2.984363081647897,26.58,50.0,0.0,0.0,5.0,0.0,0.0,45.0,0.0,0.0,0.0,0.0,0.0,0.0,0.0,0.0,0.0,0.0,0.0,0.0,0.0,0.0,0,0,0,0,0,0,0,0,0,0,0,0,0,0,0,0,TiFe（立方）,0,0,0,0,0,0,1,0,0,0,1,1,0,0,0,0,0,0,0,0,0,0,0,1,0,0,0,0,0,0,0,0
353,4.0,2,1.22,2.984363081647897,2.984363081647897,26.58,50.0,0.0,0.0,5.0,0.0,0.0,45.0,0.0,0.0,0.0,0.0,0.0,0.0,0.0,0.0,0.0,0.0,0.0,0.0,0.0,0.0,0,0,0,0,0,0,0,0,0,0,0,0,0,0,0,0,TiFe（立方）,0,0,0,0,0,0,1,0,0,0,1,1,0,0,0,0,0,0,0,0,0,0,0,1,0,0,0,0,0,0,0,0
298,4.0,2,1.41,2.987727642650174,2.987727642650174,26.67,50.0,0.0,0.0,7.5,0.0,0.0,42.5,0.0,0.0,0.0,0.0,0.0,0.0,0.0,0.0,0.0,0.0,0.0,0.0,0.0,0.0,0,0,0,0,0,0,0,0,0,0,0,0,0,0,0,0,TiFe（立方）,0,0,0,0,0,0,1,0,0,0,1,1,0,0,0,0,0,0,0,0,0,0,0,1,0,0,0,0,0,0,0,0
313,4.0,2,1.43,2.987727642650174,2.987727642650174,26.67,50.0,0.0,0.0,7.5,0.0,0.0,42.5,0.0,0.0,0.0,0.0,0.0,0.0,0.0,0.0,0.0,0.0,0.0,0.0,0.0,0.0,0,0,0,0,0,0,0,0,0,0,0,0,0,0,0,0,TiFe（立方）,0,0,0,0,0,0,1,0,0,0,1,1,0,0,0,0,0,0,0,0,0,0,0,1,0,0,0,0,0,0,0,0
333,4.0,2,1.39,2.987727642650174,2.987727642650174,26.67,50.0,0.0,0.0,7.5,0.0,0.0,42.5,0.0,0.0,0.0,0.0,0.0,0.0,0.0,0.0,0.0,0.0,0.0,0.0,0.0,0.0,0,0,0,0,0,0,0,0,0,0,0,0,0,0,0,0,TiFe（立方）,0,0,0,0,0,0,1,0,0,0,1,1,0,0,0,0,0,0,0,0,0,0,0,1,0,0,0,0,0,0,0,0
303,2.5,10,1.94,3.124741311919677,3.124741311919677,30.51,45.59,24.25,0.0,5.91,0.0,24.25,0.0,0.0,0.0,0.0,0.0,0.0,0.0,0.0,0.0,0.0,0.0,0.0,0.0,0.0,0.0,0,0,0,0,0,0,0,0,0,0,0,0,0,0,0,1,TiFe（立方）,0,0,0,0,0,0,1,0,0,0,0,0,0,0,1,0,0,0,0,0,0,0,0,0,0,0,0,0,0,0,0,0
293,4.0,1,1.65,2.979114191022048,2.979114191022048,26.44,50.0,0.0,0.0,0.0,0.0,10.0,40.0,0.0,0.0,0.0,0.0,0.0,0.0,0.0,0.0,0.0,0.0,0.0,0.0,0.0,0.0,0,0,0,0,0,0,0,0,0,0,0,0,0,0,0,0,TiFe（立方）,0,0,0,0,0,0,1,0,0,0,0,0,0,0,1,0,0,0,0,0,0,0,0,0,0,0,0,0,0,0,0,0
293,4.0,1,1.28,2.981740946298623,2.981740946298623,26.51,50.0,0.0,10.0,0.0,0.0,0.0,40.0,0.0,0.0,0.0,0.0,0.0,0.0,0.0,0.0,0.0,0.0,0.0,0.0,0.0,0.0,0,0,0,0,0,0,0,0,0,0,0,0,0,0,0,0,TiFe（立方）,0,0,0,0,0,0,1,0,0,0,0,0,0,0,1,0,0,0,0,0,0,0,0,0,0,0,0,0,0,0,0,0
303,4.0,2,1.78,2.979114191022048,2.979114191022048,26.44,50.0,0.0,0.0,0.0,0.0,10.0,40.0,0.0,0.0,0.0,0.0,0.0,0.0,0.0,0.0,0.0,0.0,0.0,0.0,0.0,0.0,0,0,0,0,0,0,0,0,0,0,0,0,0,0,0,0,TiFe（立方）,0,0,0,0,0,0,1,0,0,0,0,0,0,0,1,0,0,0,0,0,0,0,0,0,0,0,0,0,0,0,0,0
303,4.0,2,1.77,2.979865165137806,2.979865165137806,26.46,42.5,0.0,2.12,0.0,0.0,21.38,34.0,0.0,0.0,0.0,0.0,0.0,0.0,0.0,0.0,0.0,0.0,0.0,0.0,0.0,0.0,0,0,0,0,0,0,0,0,0,0,0,0,1,0,0,0,TiFe（立方）,0,0,0,0,0,0,1,0,0,0,0,0,0,0,1,0,0,0,0,0,0,0,0,0,0,0,0,0,0,0,0,0
303,4.0,2,1.73,2.98099091710177,2.98099091710177,26.49,45.0,0.0,4.5,0.0,0.0,14.5,36.0,0.0,0.0,0.0,0.0,0.0,0.0,0.0,0.0,0.0,0.0,0.0,0.0,0.0,0.0,0,0,0,0,0,0,0,0,0,0,0,0,1,0,0,0,TiFe（立方）,0,0,0,0,0,0,1,0,0,0,0,0,0,0,1,0,0,0,0,0,0,0,0,0,0,0,0,0,0,0,0,0
303,4.0,2,1.72,2.982115819441409,2.982115819441409,26.52,47.5,0.0,7.12,0.0,0.0,7.38,38.0,0.0,0.0,0.0,0.0,0.0,0.0,0.0,0.0,0.0,0.0,0.0,0.0,0.0,0.0,0,0,0,0,0,0,0,0,0,0,0,0,1,0,0,0,TiFe（立方）,0,0,0,0,0,0,1,0,0,0,0,0,0,0,1,0,0,0,0,0,0,0,0,0,0,0,0,0,0,0,0,0
303,4.0,2,1.7,2.981740946298623,2.981740946298623,26.51,50.0,0.0,10.0,0.0,0.0,0.0,40.0,0.0,0.0,0.0,0.0,0.0,0.0,0.0,0.0,0.0,0.0,0.0,0.0,0.0,0.0,0,0,0,0,0,0,0,0,0,0,0,0,0,0,0,0,TiFe（立方）,0,0,0,0,0,0,1,0,0,0,0,0,0,0,1,0,0,0,0,0,0,0,0,0,0,0,0,0,0,0,0,0
303,4.0,2,1.65,2.979114191022048,2.979114191022048,26.44,50.0,0.0,0.0,0.0,0.0,10.0,40.0,0.0,0.0,0.0,0.0,0.0,0.0,0.0,0.0,0.0,0.0,0.0,0.0,0.0,0.0,0,0,0,0,0,0,0,0,0,0,0,0,0,0,0,0,TiFe（立方）,0,0,0,0,0,0,1,0,0,0,0,0,0,0,1,0,0,0,0,0,0,0,0,0,0,0,0,0,0,0,0,0
303,4.0,2,1.65,2.979865165137806,2.979865165137806,26.46,42.5,0.0,2.12,0.0,0.0,21.38,34.0,0.0,0.0,0.0,0.0,0.0,0.0,0.0,0.0,0.0,0.0,0.0,0.0,0.0,0.0,0,0,0,0,0,0,0,0,0,0,0,0,1,0,0,0,TiFe（立方）,0,0,0,0,0,0,1,0,0,0,0,0,0,0,1,0,0,0,0,0,0,0,0,0,0,0,0,0,0,0,0,0
303,4.0,2,1.62,2.98099091710177,2.98099091710177,26.49,45.0,0.0,4.5,0.0,0.0,14.5,36.0,0.0,0.0,0.0,0.0,0.0,0.0,0.0,0.0,0.0,0.0,0.0,0.0,0.0,0.0,0,0,0,0,0,0,0,0,0,0,0,0,1,0,0,0,TiFe（立方）,0,0,0,0,0,0,1,0,0,0,0,0,0,0,1,0,0,0,0,0,0,0,0,0,0,0,0,0,0,0,0,0
303,4.0,2,1.6,2.982115819441409,2.982115819441409,26.52,47.5,0.0,7.12,0.0,0.0,7.38,38.0,0.0,0.0,0.0,0.0,0.0,0.0,0.0,0.0,0.0,0.0,0.0,0.0,0.0,0.0,0,0,0,0,0,0,0,0,0,0,0,0,1,0,0,0,TiFe（立方）,0,0,0,0,0,0,1,0,0,0,0,0,0,0,1,0,0,0,0,0,0,0,0,0,0,0,0,0,0,0,0,0
423,1.0,1,3.01,3.423937191324647,3.423937191324647,40.14,40.0,45.0,0.0,0.0,15.0,0.0,0.0,0.0,0.0,0.0,0.0,0.0,0.0,0.0,0.0,0.0,0.0,0.0,0.0,0.0,0.0,0,0,0,0,0,0,0,0,0,0,0,0,0,0,0,0,TiFe（立方）,0,0,0,0,0,0,1,0,0,0,0,0,0,0,0,0,0,0,0,0,0,0,0,0,0,0,0,0,0,0,0,0
303,3.0,2,1.6,3.002220578160892,3.002220578160892,27.06,45.0,0.0,14.5,0.0,0.0,0.0,40.5,0.0,0.0,0.0,0.0,0.0,0.0,0.0,0.0,0.0,0.0,0.0,0.0,0.0,0.0,0,0,0,0,0,0,0,0,0,0,0,1,0,0,0,0,TiFe（立方）,0,0,0,0,0,0,1,0,0,0,0,0,0,0,0,0,0,0,0,0,0,0,0,0,0,0,0,0,0,0,0,0
303,3.0,2,1.57,3.035504088263544,3.035504088263544,27.97,42.5,0.0,21.38,0.0,0.0,0.0,36.12,0.0,0.0,0.0,0.0,0.0,0.0,0.0,0.0,0.0,0.0,0.0,0.0,0.0,0.0,0,0,0,0,0,0,0,0,0,0,0,1,0,0,0,0,TiFe（立方）,0,0,0,0,0,0,1,0,0,0,0,0,0,0,0,0,0,0,0,0,0,0,0,0,0,0,0,0,0,0,0,0
303,3.0,2,1.71,3.044161544308888,3.044161544308888,28.21,40.0,0.0,28.0,0.0,0.0,0.0,32.0,0.0,0.0,0.0,0.0,0.0,0.0,0.0,0.0,0.0,0.0,0.0,0.0,0.0,0.0,0,0,0,0,0,0,0,0,0,0,0,1,0,0,0,0,TiFe（立方）,0,0,0,0,0,0,1,0,0,0,0,0,0,0,0,0,0,0,0,0,0,0,0,0,0,0,0,1,0,0,0,0
303,3.0,2,1.63,3.076196463039377,3.076196463039377,29.11,35.0,0.0,40.5,0.0,0.0,0.0,24.5,0.0,0.0,0.0,0.0,0.0,0.0,0.0,0.0,0.0,0.0,0.0,0.0,0.0,0.0,0,0,0,0,0,0,0,0,0,0,0,1,0,0,0,0,TiFe（立方）,0,0,0,0,0,0,1,0,0,0,0,0,0,0,0,0,0,0,0,0,0,0,0,0,0,0,0,1,0,0,0,0
303,3.0,2,1.63,3.085327822460589,3.085327822460589,29.37,30.0,0.0,52.0,0.0,0.0,0.0,18.0,0.0,0.0,0.0,0.0,0.0,0.0,0.0,0.0,0.0,0.0,0.0,0.0,0.0,0.0,0,0,0,0,0,0,0,0,0,0,0,1,0,0,0,0,TiFe（立方）,0,0,0,0,0,0,1,0,0,0,0,0,0,0,0,0,0,0,0,0,0,0,0,0,0,0,0,0,0,0,0,0
303,3.0,1,1.71,3.044161544308888,3.044161544308888,28.21,50.0,0.0,10.0,0.0,0.0,0.0,40.0,0.0,0.0,0.0,0.0,0.0,0.0,0.0,0.0,0.0,0.0,0.0,0.0,0.0,0.0,0,0,0,0,0,0,0,0,0,0,0,0,0,0,0,0,TiFe（立方）,0,0,0,0,0,0,1,0,0,0,0,0,0,0,0,0,0,0,0,0,0,0,0,0,0,0,0,0,0,0,0,0
298,1.5,1,2.8,3.100312143386684,3.100312143386684,29.8,28.26,28.26,0.0,0.0,0.0,15.22,0.0,28.26,0.0,0.0,0.0,0.0,0.0,0.0,0.0,0.0,0.0,0.0,0.0,0.0,0.0,0,0,0,0,0,0,0,0,0,0,0,0,0,0,0,0,TiFe（立方）,0,0,0,0,0,0,1,0,0,0,0,0,0,0,0,1,0,0,0,0,0,0,0,0,0,0,0,0,0,0,0,1
303,1.5,2,1.679,2.996291714390912,2.996291714390912,26.9,45.0,0.0,8.33,0.0,4.17,0.0,29.17,0.0,0.0,0.0,0.83,12.5,0.0,0.0,0.0,0.0,0.0,0.0,0.0,0.0,0.0,0,0,0,0,0,0,0,0,0,0,0,0,0,0,0,0,TiFe（立方）,0,0,0,0,0,0,1,0,0,0,0,0,0,0,0,1,0,0,0,0,0,0,0,0,0,0,0,0,0,0,1,0
303,1.5,2,1.709,2.99888847711204,2.99888847711204,26.97,23.48,0.0,4.35,0.0,2.17,0.0,15.22,0.0,0.0,0.0,0.43,32.6,0.0,0.0,21.74,0.0,0.0,0.0,0.0,0.0,0.0,0,0,0,0,0,0,0,0,0,0,0,0,0,0,1,0,TiFe（立方）,0,0,0,0,0,0,1,0,0,0,0,0,0,0,0,1,0,0,0,0,0,0,0,0,0,0,0,0,0,0,1,0
303,1.5,2,1.715,2.998517786319993,2.998517786319993,26.96,23.48,0.0,4.35,0.0,2.17,0.0,15.22,0.0,0.0,0.0,0.43,32.6,0.0,0.0,21.74,0.0,0.0,0.0,0.0,0.0,0.0,0,0,0,0,0,0,0,0,0,0,0,0,0,0,1,0,TiFe（立方）,0,0,0,0,0,0,1,0,0,0,0,0,0,0,0,1,0,0,0,0,0,0,0,0,0,0,0,0,0,0,1,0
323,1.5,2,1.705,2.998517786319993,2.998517786319993,26.96,23.48,0.0,4.35,0.0,2.17,0.0,15.22,0.0,0.0,0.0,0.43,32.6,0.0,0.0,21.74,0.0,0.0,0.0,0.0,0.0,0.0,0,0,0,0,0,0,0,0,0,0,0,0,0,0,1,0,TiFe（立方）,0,0,0,0,0,0,1,0,0,0,0,0,0,0,0,1,0,0,0,0,0,0,0,0,0,0,0,0,0,0,1,0
343,1.5,2,1.713,2.998517786319993,2.998517786319993,26.96,23.48,0.0,4.35,0.0,2.17,0.0,15.22,0.0,0.0,0.0,0.43,32.6,0.0,0.0,21.74,0.0,0.0,0.0,0.0,0.0,0.0,0,0,0,0,0,0,0,0,0,0,0,0,0,0,1,0,TiFe（立方）,0,0,0,0,0,0,1,0,0,0,0,0,0,0,0,1,0,0,0,0,0,0,0,0,0,0,0,0,0,0,1,0
363,1.5,2,1.684,2.998517786319993,2.998517786319993,26.96,23.48,0.0,4.35,0.0,2.17,0.0,15.22,0.0,0.0,0.0,0.43,32.6,0.0,0.0,21.74,0.0,0.0,0.0,0.0,0.0,0.0,0,0,0,0,0,0,0,0,0,0,0,0,0,0,1,0,TiFe（立方）,0,0,0,0,0,0,1,0,0,0,0,0,0,0,0,1,0,0,0,0,0,0,0,0,0,0,0,0,0,0,1,0
303,1.5,2,1.666,2.997405163662627,2.997405163662627,26.93,23.48,0.0,4.35,0.0,2.17,0.0,15.22,0.0,0.0,0.0,0.43,32.6,0.0,0.0,21.74,0.0,0.0,0.0,0.0,0.0,0.0,0,0,0,0,0,0,0,0,0,0,0,0,0,0,1,0,TiFe（立方）,0,0,0,0,0,0,1,0,0,0,0,0,0,0,0,1,0,0,0,0,0,0,0,0,0,0,0,0,0,0,1,0
303,1.5,2,1.619,2.997405163662627,2.997405163662627,26.93,23.48,0.0,4.35,0.0,2.17,0.0,15.22,0.0,0.0,0.0,0.43,32.6,0.0,0.0,21.74,0.0,0.0,0.0,0.0,0.0,0.0,0,0,0,0,0,0,0,0,0,0,0,0,0,0,1,0,TiFe（立方）,0,0,0,0,0,0,1,0,0,0,0,0,0,0,0,1,0,0,0,0,0,0,0,0,0,0,0,0,0,0,1,0
303,3.0,2,1.32,2.975730112920717,2.975730112920717,26.35,46.5,0.0,0.0,0.0,0.0,0.0,53.5,0.0,0.0,0.0,0.0,0.0,0.0,0.0,0.0,0.0,0.0,0.0,0.0,0.0,0.0,0,0,0,0,0,0,0,0,0,0,0,0,0,0,0,0,TiFe（立方）,0,0,0,0,0,0,1,0,0,0,0,0,0,0,0,0,0,1,0,0,0,0,0,1,0,0,0,0,0,0,0,0
303,3.0,2,1.46,2.979865165137806,2.979865165137806,26.46,46.77,0.0,0.0,0.0,0.0,7.26,45.97,0.0,0.0,0.0,0.0,0.0,0.0,0.0,0.0,0.0,0.0,0.0,0.0,0.0,0.0,0,0,0,0,0,0,0,0,0,0,0,0,0,0,0,0,TiFe（立方）,0,0,0,0,0,0,1,0,0,0,0,0,1,0,1,0,0,1,0,0,0,0,0,1,0,0,0,0,0,0,0,0
303,3.0,1,1.65,2.982115819441409,2.982115819441409,26.52,47.0,0.0,0.0,0.0,0.0,9.7,43.3,0.0,0.0,0.0,0.0,0.0,0.0,0.0,0.0,0.0,0.0,0.0,0.0,0.0,0.0,0,0,0,0,0,0,0,0,0,0,0,0,0,0,0,0,TiFe（立方）,0,0,0,0,0,0,1,0,0,0,0,0,1,0,1,0,0,1,0,0,0,0,0,1,0,0,0,0,0,0,0,0
303,3.0,2,1.58,2.982115819441409,2.982115819441409,26.52,47.0,0.0,0.0,0.0,0.0,9.7,43.3,0.0,0.0,0.0,0.0,0.0,0.0,0.0,0.0,0.0,0.0,0.0,0.0,0.0,0.0,0,0,0,0,0,0,0,0,0,0,0,0,0,0,0,0,TiFe（立方）,0,0,0,0,0,0,1,0,0,0,0,0,1,0,1,0,0,1,0,0,0,0,0,1,0,0,0,0,0,0,0,0
303,3.0,1,1.63,2.984363081647897,2.984363081647897,26.58,47.1,0.0,0.0,0.0,0.0,11.9,41.0,0.0,0.0,0.0,0.0,0.0,0.0,0.0,0.0,0.0,0.0,0.0,0.0,0.0,0.0,0,0,0,0,0,0,0,0,0,0,0,0,0,0,0,0,TiFe（立方）,0,0,0,0,0,0,1,0,0,0,0,0,1,0,1,0,0,1,0,0,0,0,0,1,0,0,0,0,0,0,0,0
303,3.0,2,1.63,2.984363081647897,2.984363081647897,26.58,47.1,0.0,0.0,0.0,0.0,11.9,41.0,0.0,0.0,0.0,0.0,0.0,0.0,0.0,0.0,0.0,0.0,0.0,0.0,0.0,0.0,0,0,0,0,0,0,0,0,0,0,0,0,0,0,0,0,TiFe（立方）,0,0,0,0,0,0,1,0,0,0,0,0,1,0,1,0,0,1,0,0,0,0,0,1,0,0,0,0,0,0,0,0
303,3.0,1,1.69,2.984363081647897,2.984363081647897,26.58,50.4,0.0,0.0,0.0,0.0,4.4,45.2,0.0,0.0,0.0,0.0,0.0,0.0,0.0,0.0,0.0,0.0,0.0,0.0,0.0,0.0,0,0,0,0,0,0,0,0,0,0,0,0,0,0,0,0,TiFe（立方）,0,0,0,0,0,0,1,0,0,0,0,0,0,0,0,0,0,0,0,0,0,0,0,0,0,0,0,0,0,0,0,0
303,3.0,2,1.69,2.984363081647897,2.984363081647897,26.58,50.4,0.0,0.0,0.0,0.0,4.4,45.2,0.0,0.0,0.0,0.0,0.0,0.0,0.0,0.0,0.0,0.0,0.0,0.0,0.0,0.0,0,0,0,0,0,0,0,0,0,0,0,0,0,0,0,0,TiFe（立方）,0,0,0,0,0,0,1,0,0,0,0,0,0,0,0,0,0,0,0,0,0,0,0,0,0,0,0,0,0,0,0,0
303,3.0,1,1.78,2.986980617330213,2.986980617330213,26.65,50.4,0.0,0.0,0.0,0.0,5.9,43.7,0.0,0.0,0.0,0.0,0.0,0.0,0.0,0.0,0.0,0.0,0.0,0.0,0.0,0.0,0,0,0,0,0,0,0,0,0,0,0,0,0,0,0,0,TiFe（立方）,0,0,0,0,0,0,1,0,0,0,0,0,0,0,0,0,0,0,0,0,0,0,0,0,0,0,0,0,0,0,0,0
303,3.0,2,1.78,2.986980617330213,2.986980617330213,26.65,50.4,0.0,0.0,0.0,0.0,5.9,43.7,0.0,0.0,0.0,0.0,0.0,0.0,0.0,0.0,0.0,0.0,0.0,0.0,0.0,0.0,0,0,0,0,0,0,0,0,0,0,0,0,0,0,0,0,TiFe（立方）,0,0,0,0,0,0,1,0,0,0,0,0,0,0,0,0,0,0,0,0,0,0,0,0,0,0,0,0,0,0,0,0
294,4.5,2,1.5,2.977987019446039,2.977987019446039,26.41,40.0,0.0,0.0,0.0,0.0,0.0,32.0,0.0,0.0,0.0,0.0,0.0,0.0,28.0,0.0,0.0,0.0,0.0,0.0,0.0,0.0,0,0,0,0,0,1,0,0,0,0,0,0,0,0,0,0,TiFe（立方）,0,1,0,0,0,0,1,0,0,0,0,0,0,0,0,0,0,1,0,0,0,0,0,1,0,0,0,0,1,0,0,0
294,6.5,2,1.4,2.997034105827236,2.997034105827236,26.92,40.0,0.0,0.0,0.0,0.0,0.0,32.0,0.0,28.0,0.0,0.0,0.0,0.0,0.0,0.0,0.0,0.0,0.0,0.0,0.0,0.0,0,0,0,0,0,0,0,0,0,0,1,0,0,0,0,0,TiFe（立方）,0,0,0,1,0,0,1,0,0,0,0,0,0,0,0,0,0,0,0,0,0,0,0,0,0,0,0,0,0,0,0,0
294,6.2,2,1.5,2.998147003852219,2.998147003852219,26.95,40.0,0.0,0.0,0.0,0.0,28.0,32.0,0.0,0.0,0.0,0.0,0.0,0.0,0.0,0.0,0.0,0.0,0.0,0.0,0.0,0.0,0,0,0,0,0,0,0,0,0,0,0,0,1,0,0,0,TiFe（立方）,0,0,0,0,0,0,1,0,0,0,0,0,0,0,1,0,0,1,0,0,0,0,0,1,0,0,0,0,0,0,0,0
294,6.1,2,1.6,2.998147003852219,2.998147003852219,26.95,40.0,0.0,0.0,0.0,0.0,28.0,32.0,0.0,0.0,0.0,0.0,0.0,0.0,0.0,0.0,0.0,0.0,0.0,0.0,0.0,0.0,0,0,0,0,0,0,0,0,0,0,0,0,1,0,0,0,TiFe（立方）,0,0,0,0,0,0,1,0,0,0,0,0,0,0,1,0,0,1,0,0,0,0,0,1,0,0,0,0,0,0,0,0
294,6.5,2,1.1,3.034056369389725,3.034056369389725,27.93,40.0,0.0,0.0,0.0,0.0,0.0,32.0,0.0,0.0,28.0,0.0,0.0,0.0,0.0,0.0,0.0,0.0,0.0,0.0,0.0,0.0,0,0,0,1,0,0,0,0,0,0,0,0,0,0,0,0,TiFe（立方）,0,0,0,0,0,0,1,0,0,0,0,0,0,0,0,0,0,1,0,0,0,0,0,1,0,0,0,0,0,0,0,0
294,6.3,2,1.0,3.028251631797566,3.028251631797566,27.77,40.0,0.0,0.0,0.0,0.0,0.0,32.0,0.0,0.0,28.0,0.0,0.0,0.0,0.0,0.0,0.0,0.0,0.0,0.0,0.0,0.0,0,0,0,1,0,0,0,0,0,0,0,0,0,0,0,0,TiFe（立方）,0,0,0,0,0,0,1,0,0,0,0,0,0,0,0,0,0,1,0,0,0,0,0,1,0,0,0,0,0,0,0,0
298,2.5,5,1.86,2.985111417457007,2.985111417457007,26.6,52.63,0.0,1.05,0.0,0.0,0.0,46.32,0.0,0.0,0.0,0.0,0.0,0.0,0.0,0.0,0.0,0.0,0.0,0.0,0.0,0.0,0,0,0,0,0,0,0,0,0,0,0,0,0,0,0,0,TiFe（立方）,0,0,1,0,0,0,1,0,0,0,0,0,0,0,0,0,0,1,0,0,0,0,0,1,0,0,0,0,0,0,0,0
298,2.5,5,1.83,2.98810101526624,2.98810101526624,26.68,52.11,0.0,2.04,0.0,0.0,0.0,44.81,0.0,1.04,0.0,0.0,0.0,0.0,0.0,0.0,0.0,0.0,0.0,0.0,0.0,0.0,0,0,0,0,0,0,0,0,0,0,0,1,0,0,0,0,TiFe（立方）,0,0,1,0,0,0,1,0,0,0,0,0,0,0,0,0,0,1,0,0,0,0,0,1,0,0,0,0,0,0,0,0
373,5.0,5,1.68,2.991457177969604,2.991457177969604,26.77,52.11,0.0,2.04,0.0,0.0,0.0,43.77,0.0,2.08,0.0,0.0,0.0,0.0,0.0,0.0,0.0,0.0,0.0,0.0,0.0,0.0,0,0,0,0,0,0,0,0,0,0,0,1,0,0,0,0,TiFe（立方）,0,0,1,0,0,0,1,0,0,0,0,0,0,0,0,0,0,1,0,0,0,0,0,1,0,0,0,0,0,0,0,0
313,7.4,1,1.58,2.975730112920717,2.975730112920717,26.35,50.0,0.0,0.0,0.0,0.0,0.0,50.0,0.0,0.0,0.0,0.0,0.0,0.0,0.0,0.0,0.0,0.0,0.0,0.0,0.0,0.0,0,0,0,0,0,0,0,0,0,0,0,0,0,0,0,0,TiFe（立方）,0,0,0,0,0,0,1,0,0,0,0,0,0,0,1,0,0,0,0,0,0,0,0,0,0,0,1,0,0,0,0,0
313,7.4,1,1.0,2.994805826860163,2.994805826860163,26.86,50.0,0.0,0.0,0.0,0.0,0.0,45.0,0.0,0.0,0.0,0.0,0.0,0.0,0.0,0.0,0.0,0.0,0.0,0.0,0.0,0.0,5,0,0,0,0,0,0,0,0,0,0,0,0,0,0,0,TiFe（立方）,0,1,0,0,0,0,1,0,0,0,0,0,0,0,0,0,0,0,0,0,0,0,0,0,0,0,0,0,0,0,0,0
313,7.4,1,0.7,2.999629583895481,2.999629583895481,26.99,50.0,0.0,0.0,0.0,0.0,0.0,40.0,0.0,0.0,0.0,0.0,0.0,0.0,0.0,0.0,0.0,0.0,0.0,0.0,0.0,0.0,10,0,0,0,0,0,0,0,0,0,0,0,0,0,0,0,TiFe（立方）,0,1,0,0,0,0,1,0,0,0,0,0,0,0,0,0,0,0,0,0,0,0,0,0,0,0,0,0,0,0,0,0
313,7.4,1,1.0,2.982115819441409,2.982115819441409,26.52,50.0,0.0,0.0,0.0,0.0,0.0,45.0,0.0,0.0,0.0,0.0,0.0,5.0,0.0,0.0,0.0,0.0,0.0,0.0,0.0,0.0,0,0,0,0,0,0,0,0,0,0,0,0,0,0,0,0,TiFe（立方）,0,0,0,0,0,0,1,0,0,0,0,0,0,0,1,0,0,0,0,0,0,0,0,0,0,0,0,0,0,0,0,0
313,7.4,1,1.4,2.983988772966981,2.983988772966981,26.57,50.0,0.0,0.0,0.0,0.0,0.0,40.0,0.0,0.0,0.0,0.0,0.0,10.0,0.0,0.0,0.0,0.0,0.0,0.0,0.0,0.0,0,0,0,0,0,0,0,0,0,0,0,0,0,0,0,0,TiFe（立方）,0,0,0,0,0,0,1,0,0,0,0,0,0,0,0,0,0,0,0,0,0,0,0,0,0,0,0,0,0,0,0,0
