Unit_Cell_Volume_Å3,Test_Temperature_K,Initial_Hydrogen_Pressure_MPa,Hydrogen_Absorption_Cycles,Element_at_pct_Ti,Element_at_pct_V,Element_at_pct_Mn,Element_at_pct_Ce,Element_at_pct_Zr,Element_at_pct_Cr,Element_at_pct_Fe,Element_at_pct_Nb,Element_at_pct_Cu,Element_at_pct_Al,Element_at_pct_Y,Element_at_pct_A,Element_at_pct_B,Element_at_pct_Ni,Element_at_pct_Mo,Additive_Cu,Additive_Fe,Additive_Mo,Additive_Ni,Additive_V,Additive_Zr,Second_Phase_Ti4Mn2O,Second_Phase_CeO2,Second_Phase_TiCu,Second_Phase_Y2O3,Second_Phase_BCC,Lattice_Parameter_a_Å,Lattice_Parameter_c_Å,Max_H2_Uptake_wt_pct
172.92,298,5.0,2,33.89830508474576,15.25423728813559,50.84745762711864,0.0,0.0,0.0,0.0,0.0,0.0,0.0,0.0,0.0,0.0,0.0,0.0,0,0,0,0,0,0,1,0,0,0,0,4.9828,8.0438,2.01
173.53,298,5.0,2,33.89830508474576,15.25423728813559,50.84745762711864,0.0,0.0,0.0,0.0,0.0,0.0,0.0,0.0,0.0,0.0,0.0,0.0,0,0,0,0,0,0,1,0,0,0,0,4.9901,8.0482,2.06
173.68,298,5.0,2,33.89830508474576,15.25423728813559,50.84745762711864,0.0,0.0,0.0,0.0,0.0,0.0,0.0,0.0,0.0,0.0,0.0,0.0,0,0,0,0,0,0,1,0,0,0,0,4.9918,8.0495,2.09
173.73,298,5.0,2,33.89830508474576,15.25423728813559,50.84745762711864,0.0,0.0,0.0,0.0,0.0,0.0,0.0,0.0,0.0,0.0,0.0,0.0,0,0,0,0,0,0,1,0,0,0,0,4.9925,8.0499,2.06
174.25,298,5.0,2,33.89830508474576,15.25423728813559,50.84745762711864,0.0,0.0,0.0,0.0,0.0,0.0,0.0,0.0,0.0,0.0,0.0,0.0,0,0,0,0,0,0,0,0,0,0,0,4.9997,8.0505,1.79
156.59,298,8.0,2,33.89830508474576,15.25423728813559,50.84745762711864,0.0,0.0,0.0,0.0,0.0,0.0,0.0,0.0,0.0,0.0,0.0,0.0,0,0,0,0,0,0,0,1,0,0,0,4.7412,8.0438,2.16
156.19,298,8.0,2,32.20338983050847,15.25423728813559,50.84745762711864,1.694915254237288,0.0,0.0,0.0,0.0,0.0,0.0,0.0,0.0,0.0,0.0,0.0,0,0,0,0,0,0,0,1,0,0,0,4.7363,8.0398,2.01
155.86,298,8.0,2,30.50847457627118,15.25423728813559,50.84745762711864,3.389830508474576,0.0,0.0,0.0,0.0,0.0,0.0,0.0,0.0,0.0,0.0,0.0,0,0,0,0,0,0,0,1,0,0,0,4.7339,8.0308,1.85
155.81,298,8.0,2,28.81355932203389,15.25423728813559,50.84745762711864,5.084745762711864,0.0,0.0,0.0,0.0,0.0,0.0,0.0,0.0,0.0,0.0,0.0,0,0,0,0,0,0,0,1,0,0,0,4.7337,8.0292,1.66
156.43,298,8.0,2,27.11864406779661,15.25423728813559,50.84745762711864,6.779661016949152,0.0,0.0,0.0,0.0,0.0,0.0,0.0,0.0,0.0,0.0,0.0,0,0,0,0,0,0,0,0,0,0,0,4.7484,8.011,1.44
173.2,313,5.0,2,33.89830508474576,15.25423728813559,50.84745762711864,0.0,0.0,0.0,0.0,0.0,0.0,0.0,0.0,0.0,0.0,0.0,0.0,0,0,0,0,0,0,0,0,0,0,0,4.99,8.041,2.03
173.9,313,5.0,2,32.20338983050847,15.25423728813559,50.84745762711864,0.0,1.694915254237288,0.0,0.0,0.0,0.0,0.0,0.0,0.0,0.0,0.0,0.0,0,0,0,0,0,0,0,0,0,0,0,4.996,8.048,1.79
174.5,313,5.0,2,30.50847457627118,15.25423728813559,50.84745762711864,0.0,3.389830508474576,0.0,0.0,0.0,0.0,0.0,0.0,0.0,0.0,0.0,0.0,0,0,0,0,0,0,0,0,0,0,0,5.002,8.055,2.07
176.2,313,5.0,2,28.81355932203389,15.25423728813559,50.84745762711864,0.0,5.084745762711864,0.0,0.0,0.0,0.0,0.0,0.0,0.0,0.0,0.0,0.0,0,0,0,0,0,0,0,0,0,0,0,5.022,8.063,1.95
177.7,313,5.0,2,27.11864406779661,15.25423728813559,50.84745762711864,0.0,6.779661016949152,0.0,0.0,0.0,0.0,0.0,0.0,0.0,0.0,0.0,0.0,0,0,0,0,0,0,0,0,0,0,0,5.044,8.071,2.02
174.5,313,5.0,2,30.50847457627118,15.25423728813559,50.84745762711864,0.0,3.389830508474576,0.0,0.0,0.0,0.0,0.0,0.0,0.0,0.0,0.0,0.0,0,0,0,0,0,0,0,1,0,0,0,5.002,8.055,2.07
174.18,298,5.0,2,32.20338983050847,15.25423728813559,50.84745762711864,1.694915254237288,0.0,0.0,0.0,0.0,0.0,0.0,0.0,0.0,0.0,0.0,0.0,0,0,0,0,0,0,0,1,0,0,0,4.8588,8.5133,2.1
174.35,298,5.0,2,32.20338983050848,15.25423728813559,49.15254237288136,1.694915254237289,0.0,1.694915254237289,0.0,0.0,0.0,0.0,0.0,0.0,0.0,0.0,0.0,0,0,0,0,0,0,0,1,0,0,0,4.8594,8.5193,1.97
174.5,298,5.0,2,32.20338983050848,15.25423728813559,47.45762711864407,1.694915254237289,0.0,3.389830508474577,0.0,0.0,0.0,0.0,0.0,0.0,0.0,0.0,0.0,0,0,0,0,0,0,0,1,0,0,0,4.8612,8.5329,2.12
175.01,298,5.0,2,32.20338983050847,15.25423728813559,45.76271186440678,1.694915254237288,0.0,5.084745762711864,0.0,0.0,0.0,0.0,0.0,0.0,0.0,0.0,0.0,0,0,0,0,0,0,0,1,0,0,0,4.8629,8.5516,2.03
175.38,298,5.0,2,32.20338983050847,15.25423728813559,44.06779661016949,1.694915254237288,0.0,6.779661016949152,0.0,0.0,0.0,0.0,0.0,0.0,0.0,0.0,0.0,0,0,0,0,0,0,0,1,0,0,0,4.8788,8.5541,2.07
164.32,303,5.0,2,32.20338983050847,15.25423728813559,50.84745762711864,1.694915254237288,0.0,0.0,0.0,0.0,0.0,0.0,0.0,0.0,0.0,0.0,0.0,0,0,0,0,0,0,0,1,0,0,0,4.8724,7.9924,1.89
164.89,303,5.0,2,32.20338983050848,15.25423728813559,49.15254237288136,1.694915254237289,0.0,0.0,1.694915254237289,0.0,0.0,0.0,0.0,0.0,0.0,0.0,0.0,0,0,0,0,0,0,0,1,0,0,0,4.8785,7.9998,2.1
164.97,303,5.0,2,32.20338983050848,15.25423728813559,47.45762711864407,1.694915254237289,0.0,0.0,3.389830508474577,0.0,0.0,0.0,0.0,0.0,0.0,0.0,0.0,0,0,0,0,0,0,0,1,0,0,0,4.8793,8.0011,1.82
164.84,303,5.0,2,32.20338983050847,15.25423728813559,45.76271186440678,1.694915254237288,0.0,0.0,5.084745762711864,0.0,0.0,0.0,0.0,0.0,0.0,0.0,0.0,0,0,0,0,0,0,0,1,0,0,0,4.8781,7.9987,1.69
165.76,303,5.0,2,32.20338983050847,15.25423728813559,44.06779661016949,1.694915254237288,0.0,0.0,6.779661016949152,0.0,0.0,0.0,0.0,0.0,0.0,0.0,0.0,0,0,0,0,0,0,1,0,0,0,0,4.8887,8.0084,1.53
166.98,298,5.0,2,30.50847457627118,15.25423728813559,50.84745762711864,0.0,3.389830508474576,0.0,0.0,0.0,0.0,0.0,0.0,0.0,0.0,0.0,0.0,0,0,0,0,0,0,1,0,0,0,0,4.8981,8.0365,2.18
167.12,298,5.0,2,30.50847457627118,15.25423728813559,49.15254237288135,0.0,3.389830508474576,1.694915254237288,0.0,0.0,0.0,0.0,0.0,0.0,0.0,0.0,0.0,0,0,0,0,0,0,1,0,0,0,0,4.8993,8.0391,2.07
167.13,298,5.0,2,30.50847457627118,15.25423728813559,47.45762711864406,0.0,3.389830508474576,3.389830508474576,0.0,0.0,0.0,0.0,0.0,0.0,0.0,0.0,0.0,0,0,0,0,0,0,1,0,0,0,0,4.8997,8.0386,2.13
167.22,298,5.0,2,30.50847457627118,15.25423728813559,45.76271186440678,0.0,3.389830508474576,5.084745762711864,0.0,0.0,0.0,0.0,0.0,0.0,0.0,0.0,0.0,0,0,0,0,0,0,1,0,0,0,0,4.9006,8.0398,2.16
167.34,298,5.0,2,30.50847457627118,15.25423728813559,44.06779661016949,0.0,3.389830508474576,6.779661016949152,0.0,0.0,0.0,0.0,0.0,0.0,0.0,0.0,0.0,0,0,0,0,0,0,1,0,0,0,0,4.9017,8.042,2.21
167.2,303,5.0,2,30.50847457627118,15.25423728813559,50.84745762711864,0.0,3.389830508474576,0.0,0.0,0.0,0.0,0.0,0.0,0.0,0.0,0.0,0.0,0,0,0,0,0,0,1,0,0,0,0,4.8999,8.0411,2.08
166.96,303,5.0,2,30.50847457627118,15.25423728813559,49.15254237288135,0.0,3.389830508474576,0.0,1.694915254237288,0.0,0.0,0.0,0.0,0.0,0.0,0.0,0.0,0,0,0,0,0,0,1,0,0,0,0,4.8976,8.0353,2.13
166.9,303,5.0,2,30.50847457627118,15.25423728813559,47.45762711864406,0.0,3.389830508474576,0.0,3.389830508474576,0.0,0.0,0.0,0.0,0.0,0.0,0.0,0.0,0,0,0,0,0,0,1,0,0,0,0,4.898,8.0359,2.11
166.88,303,5.0,2,30.50847457627118,15.25423728813559,45.76271186440678,0.0,3.389830508474576,0.0,5.084745762711864,0.0,0.0,0.0,0.0,0.0,0.0,0.0,0.0,0,0,0,0,0,0,1,0,0,0,0,4.8973,8.0303,2.1
166.8,303,5.0,2,30.50847457627118,15.25423728813559,44.06779661016949,0.0,3.389830508474576,0.0,6.779661016949152,0.0,0.0,0.0,0.0,0.0,0.0,0.0,0.0,0,0,0,0,0,0,0,0,0,0,0,4.8983,8.0313,2.09
174.56,298,2.5,2,16.66666666666666,0.0,33.33333333333333,0.0,16.66666666666666,33.33333333333333,0.0,0.0,0.0,0.0,0.0,0.0,0.0,0.0,0.0,0,0,0,0,0,0,0,0,0,0,0,4.9742,8.1628,1.9
172.64,298,3.8,2,11.03678929765886,0.0,33.44481605351171,0.0,11.03678929765886,33.44481605351171,0.0,11.03678929765886,0.0,0.0,0.0,0.0,0.0,0.0,0.0,0,0,0,0,0,0,0,0,0,0,0,4.951,8.1347,1.5
164.2,274,5.0,2,33.28050713153724,0.0,9.508716323296355,0.0,3.328050713153724,34.86529318541997,19.01743264659271,0.0,0.0,0.0,0.0,0.0,0.0,0.0,0.0,0,0,0,0,0,0,0,0,0,0,0,4.8714,7.9902,1.65
164.8,274,5.0,2,34.26791277258567,0.0,9.345794392523365,0.0,3.426791277258567,34.26791277258567,18.69158878504673,0.0,0.0,0.0,0.0,0.0,0.0,0.0,0.0,0,0,0,0,0,0,0,0,0,0,0,4.8771,7.9997,1.79
165.0,274,5.0,2,35.22205206738131,0.0,9.18836140888208,0.0,3.522205206738131,33.6906584992343,18.37672281776416,0.0,0.0,0.0,0.0,0.0,0.0,0.0,0.0,0,0,0,0,0,0,0,0,0,0,0,4.8791,8.0037,1.71
165.1,274,5.0,2,36.14457831325301,0.0,9.036144578313253,0.0,3.614457831325301,33.13253012048193,18.07228915662651,0.0,0.0,0.0,0.0,0.0,0.0,0.0,0.0,0,0,0,0,0,0,0,0,0,0,0,4.8802,8.0023,1.68
164.8,274,5.0,2,34.26791277258567,0.0,9.345794392523365,0.0,3.426791277258567,34.26791277258567,18.69158878504673,0.0,0.0,0.0,0.0,0.0,0.0,0.0,0.0,0,0,0,0,0,0,0,0,0,0,0,4.8771,7.9997,1.79
165.9,274,5.0,2,34.26791277258567,0.0,9.345794392523365,0.0,3.426791277258567,40.49844236760125,12.46105919003115,0.0,0.0,0.0,0.0,0.0,0.0,0.0,0.0,0,0,0,0,0,0,0,0,0,0,0,4.8882,8.0168,1.92
166.6,274,5.0,2,34.26791277258567,0.0,9.345794392523365,0.0,3.426791277258567,46.72897196261682,6.230529595015577,0.0,0.0,0.0,0.0,0.0,0.0,0.0,0.0,0,0,0,0,0,0,0,0,0,0,0,4.8965,8.0255,2.0
163.41,243,10.0,2,33.33333333333333,0.0,26.66666666666667,0.0,0.0,40.0,0.0,0.0,0.0,0.0,0.0,0.0,0.0,0.0,0.0,0,0,0,0,0,0,0,0,0,0,0,4.8626,7.9801,1.81
163.75,243,10.0,2,33.88429752066116,0.0,26.44628099173554,0.0,0.0,39.66942148760331,0.0,0.0,0.0,0.0,0.0,0.0,0.0,0.0,0.0,0,0,0,0,0,0,0,0,0,0,0,4.8659,7.9854,1.83
163.87,243,10.0,2,34.42622950819673,0.0,26.22950819672131,0.0,0.0,39.34426229508197,0.0,0.0,0.0,0.0,0.0,0.0,0.0,0.0,0.0,0,0,0,0,0,0,0,0,0,0,0,4.867,7.9877,1.86
163.91,243,10.0,2,34.95934959349593,0.0,26.01626016260162,0.0,0.0,39.02439024390244,0.0,0.0,0.0,0.0,0.0,0.0,0.0,0.0,0.0,0,0,0,0,0,0,0,0,0,0,0,4.8678,7.9874,1.88
164.05,243,10.0,2,35.48387096774194,0.0,25.80645161290322,0.0,0.0,38.70967741935484,0.0,0.0,0.0,0.0,0.0,0.0,0.0,0.0,0.0,0,0,0,0,0,0,0,0,0,0,0,4.8693,7.9891,1.92
164.05,283,10.0,2,35.48387096774194,0.0,25.80645161290322,0.0,0.0,38.70967741935484,0.0,0.0,0.0,0.0,0.0,0.0,0.0,0.0,0.0,0,0,0,0,0,0,0,0,0,0,0,4.8693,7.9891,1.83
165.32,283,10.0,2,33.87096774193549,0.0,25.80645161290322,0.0,1.612903225806452,38.70967741935484,0.0,0.0,0.0,0.0,0.0,0.0,0.0,0.0,0.0,0,0,0,0,0,0,0,0,0,0,0,4.8818,8.0099,1.62
166.37,283,10.0,2,32.25806451612903,0.0,25.80645161290322,0.0,3.225806451612903,38.70967741935484,0.0,0.0,0.0,0.0,0.0,0.0,0.0,0.0,0.0,0,0,0,0,0,0,0,0,0,0,0,4.8922,8.0269,1.75
167.61,283,10.0,2,30.64516129032258,0.0,25.80645161290322,0.0,4.838709677419355,38.70967741935484,0.0,0.0,0.0,0.0,0.0,0.0,0.0,0.0,0.0,0,0,0,0,0,0,0,0,0,0,0,4.9043,8.0467,1.69
168.85,283,10.0,2,29.03225806451613,0.0,25.80645161290322,0.0,6.451612903225806,38.70967741935484,0.0,0.0,0.0,0.0,0.0,0.0,0.0,0.0,0.0,0,0,0,0,0,0,0,0,0,0,0,4.9165,8.066,1.81
169.74,283,10.0,2,27.41935483870968,0.0,25.80645161290322,0.0,8.064516129032258,38.70967741935484,0.0,0.0,0.0,0.0,0.0,0.0,0.0,0.0,0.0,0,0,0,0,0,0,0,0,0,0,0,4.925,8.0803,1.85
164.05,243,10.0,2,35.48387096774194,0.0,25.80645161290322,0.0,0.0,38.70967741935484,0.0,0.0,0.0,0.0,0.0,0.0,0.0,0.0,0.0,0,0,0,0,0,0,0,0,1,0,0,4.8693,7.9891,1.92
164.07,243,10.0,2,35.48387096774194,0.0,22.58064516129032,0.0,0.0,38.70967741935484,0.0,0.0,3.225806451612903,0.0,0.0,0.0,0.0,0.0,0.0,0,0,0,0,0,0,0,0,1,0,0,4.8701,7.9877,1.75
164.47,243,10.0,2,35.48387096774194,0.0,19.35483870967742,0.0,0.0,38.70967741935484,0.0,0.0,6.451612903225806,0.0,0.0,0.0,0.0,0.0,0.0,0,0,0,0,0,0,0,0,1,0,0,4.8746,7.9926,1.63
164.82,243,10.0,2,35.48387096774194,0.0,16.12903225806452,0.0,0.0,38.70967741935484,0.0,0.0,9.67741935483871,0.0,0.0,0.0,0.0,0.0,0.0,0,0,0,0,0,0,0,0,1,0,0,4.8788,7.9955,1.46
163.89,243,10.0,2,35.48387096774194,0.0,25.80645161290322,0.0,0.0,35.48387096774194,0.0,0.0,3.225806451612903,0.0,0.0,0.0,0.0,0.0,0.0,0,0,0,0,0,0,0,0,1,0,0,4.868,7.9858,1.72
163.84,243,10.0,2,35.48387096774194,0.0,25.80645161290322,0.0,0.0,32.25806451612903,0.0,0.0,6.451612903225806,0.0,0.0,0.0,0.0,0.0,0.0,0,0,0,0,0,0,0,0,1,0,0,4.8673,7.9857,1.65
163.78,243,10.0,2,35.48387096774194,0.0,25.80645161290322,0.0,0.0,29.03225806451613,0.0,0.0,9.67741935483871,0.0,0.0,0.0,0.0,0.0,0.0,0,0,0,0,0,0,0,0,0,0,0,4.8667,7.9844,1.48
164.05,243,10.0,2,35.48387096774194,0.0,25.80645161290322,0.0,0.0,38.70967741935484,0.0,0.0,0.0,0.0,0.0,0.0,0.0,0.0,0.0,0,0,0,0,0,0,0,0,0,0,0,4.8693,7.9891,1.92
165.2,243,10.0,2,35.48387096774194,0.0,24.19354838709677,0.0,0.0,38.70967741935484,0.0,0.0,0.0,1.612903225806452,0.0,0.0,0.0,0.0,0.0,0,0,0,0,0,0,0,0,0,0,0,4.8824,8.0021,1.71
165.98,243,10.0,2,35.48387096774194,0.0,22.58064516129032,0.0,0.0,38.70967741935484,0.0,0.0,0.0,3.225806451612903,0.0,0.0,0.0,0.0,0.0,0,0,0,0,0,0,0,0,0,0,0,4.8918,8.0092,1.42
166.52,243,10.0,2,35.48387096774194,0.0,20.96774193548387,0.0,0.0,38.70967741935484,0.0,0.0,0.0,4.838709677419355,0.0,0.0,0.0,0.0,0.0,0,0,0,0,0,0,0,0,0,0,0,4.8984,8.0136,1.58
165.29,243,10.0,2,35.48387096774194,0.0,25.80645161290322,0.0,0.0,37.09677419354838,0.0,0.0,0.0,1.612903225806452,0.0,0.0,0.0,0.0,0.0,0,0,0,0,0,0,0,0,0,0,0,4.8829,8.0051,1.77
165.37,243,10.0,2,35.48387096774194,0.0,25.80645161290322,0.0,0.0,35.48387096774194,0.0,0.0,0.0,3.225806451612903,0.0,0.0,0.0,0.0,0.0,0,0,0,0,0,0,0,0,0,0,0,4.8852,8.0013,1.49
166.1,243,10.0,2,35.48387096774194,0.0,25.80645161290322,0.0,0.0,33.87096774193549,0.0,0.0,0.0,4.838709677419355,0.0,0.0,0.0,0.0,0.0,0,0,0,0,0,0,0,0,1,0,0,4.8936,8.0093,1.4
164.07,243,10.0,2,35.48387096774194,0.0,22.58064516129032,0.0,0.0,38.70967741935484,0.0,0.0,3.225806451612903,0.0,0.0,0.0,0.0,0.0,0.0,0,0,0,0,0,0,0,0,1,0,0,4.8701,7.9877,1.75
164.94,243,10.0,2,33.87096774193549,0.0,22.58064516129032,0.0,1.612903225806452,38.70967741935484,0.0,0.0,3.225806451612903,0.0,0.0,0.0,0.0,0.0,0.0,0,0,0,0,0,0,0,0,1,0,0,4.8783,8.0032,1.79
166.28,243,10.0,2,32.25806451612903,0.0,22.58064516129032,0.0,3.225806451612903,38.70967741935484,0.0,0.0,3.225806451612903,0.0,0.0,0.0,0.0,0.0,0.0,0,0,0,0,0,0,0,0,1,0,0,4.8917,8.0242,1.87
167.17,243,10.0,2,30.64516129032258,0.0,22.58064516129032,0.0,4.838709677419355,38.70967741935484,0.0,0.0,3.225806451612904,0.0,0.0,0.0,0.0,0.0,0.0,0,0,0,0,0,0,0,0,0,0,0,4.9002,8.0389,1.85
165.29,243,10.0,2,35.48387096774194,0.0,25.80645161290322,0.0,0.0,37.09677419354838,0.0,0.0,0.0,1.612903225806452,0.0,0.0,0.0,0.0,0.0,0,0,0,0,0,0,0,0,0,0,0,4.8829,8.0051,1.77
165.54,243,10.0,2,33.87096774193549,0.0,25.80645161290322,0.0,1.612903225806452,37.09677419354838,0.0,0.0,0.0,1.612903225806452,0.0,0.0,0.0,0.0,0.0,0,0,0,0,0,0,0,0,0,0,0,4.885,8.01,1.82
166.41,243,10.0,2,32.25806451612903,0.0,25.80645161290322,0.0,3.225806451612903,37.09677419354838,0.0,0.0,0.0,1.612903225806452,0.0,0.0,0.0,0.0,0.0,0,0,0,0,0,0,0,0,0,0,0,4.8926,8.0272,1.88
172.52,298,5.0,2,20.0,0.0,46.66666666666666,0.0,13.33333333333333,20.0,0.0,0.0,0.0,0.0,0.0,0.0,0.0,0.0,0.0,0,0,0,0,0,0,0,0,0,0,0,4.9505,8.1287,1.79
172.52,323,5.0,2,20.0,0.0,46.66666666666666,0.0,13.33333333333333,20.0,0.0,0.0,0.0,0.0,0.0,0.0,0.0,0.0,0.0,0,0,0,0,0,0,0,0,0,0,0,4.9505,8.1287,1.69
172.52,348,5.0,2,20.0,0.0,46.66666666666666,0.0,13.33333333333333,20.0,0.0,0.0,0.0,0.0,0.0,0.0,0.0,0.0,0.0,0,0,0,0,0,0,0,0,0,1,0,4.9505,8.1287,1.59
172.66,298,5.0,2,19.6,0.0,46.66666666666666,0.0,13.33333333333333,20.0,0.0,0.0,0.0,0.0,0.4,0.0,0.0,0.0,0.0,0,0,0,0,0,0,0,0,0,1,0,4.9517,8.1311,1.95
172.66,323,5.0,2,19.6,0.0,46.66666666666666,0.0,13.33333333333333,20.0,0.0,0.0,0.0,0.0,0.4,0.0,0.0,0.0,0.0,0,0,0,0,0,0,0,0,0,1,0,4.9517,8.1311,1.88
172.66,348,5.0,2,19.6,0.0,46.66666666666666,0.0,13.33333333333333,20.0,0.0,0.0,0.0,0.0,0.4,0.0,0.0,0.0,0.0,0,0,0,0,0,0,0,0,0,1,0,4.9517,8.1311,1.81
172.67,298,5.0,2,19.0,0.0,46.66666666666666,0.0,13.33333333333333,20.0,0.0,0.0,0.0,0.0,1.0,0.0,0.0,0.0,0.0,0,0,0,0,0,0,0,0,0,1,0,4.9518,8.1313,1.96
172.67,323,5.0,2,19.0,0.0,46.66666666666666,0.0,13.33333333333333,20.0,0.0,0.0,0.0,0.0,1.0,0.0,0.0,0.0,0.0,0,0,0,0,0,0,0,0,0,1,0,4.9518,8.1313,1.88
172.67,348,5.0,2,19.0,0.0,46.66666666666666,0.0,13.33333333333333,20.0,0.0,0.0,0.0,0.0,1.0,0.0,0.0,0.0,0.0,0,0,0,0,0,0,0,0,0,1,0,4.9518,8.1313,1.81
172.97,298,5.0,2,18.4,0.0,46.66666666666666,0.0,13.33333333333333,20.0,0.0,0.0,0.0,0.0,1.6,0.0,0.0,0.0,0.0,0,0,0,0,0,0,0,0,0,1,0,4.9537,8.1393,1.98
172.97,323,5.0,2,18.4,0.0,46.66666666666666,0.0,13.33333333333333,20.0,0.0,0.0,0.0,0.0,1.6,0.0,0.0,0.0,0.0,0,0,0,0,0,0,0,0,0,1,0,4.9537,8.1393,1.91
172.97,348,5.0,2,18.4,0.0,46.66666666666666,0.0,13.33333333333333,20.0,0.0,0.0,0.0,0.0,1.6,0.0,0.0,0.0,0.0,0,0,0,0,0,0,0,0,0,1,0,4.9537,8.1393,1.84
173.31,298,5.0,2,18.0,0.0,46.66666666666666,0.0,13.33333333333333,20.0,0.0,0.0,0.0,0.0,2.0,0.0,0.0,0.0,0.0,0,0,0,0,0,0,0,0,0,1,0,4.9557,8.1486,1.9
173.31,323,5.0,2,18.0,0.0,46.66666666666666,0.0,13.33333333333333,20.0,0.0,0.0,0.0,0.0,2.0,0.0,0.0,0.0,0.0,0,0,0,0,0,0,0,0,0,1,0,4.9557,8.1486,1.84
172.97,298,5.0,2,9.200000000000001,0.0,23.33333333333333,0.0,6.666666666666667,10.0,0.0,0.0,0.0,0.0,0.8,16.66666666666666,33.33333333333333,0.0,0.0,0,0,0,0,0,0,1,0,0,0,0,4.9537,8.1393,1.98
172.92,303,5.0,2,33.89830508474576,15.25423728813559,50.84745762711864,0.0,0.0,0.0,0.0,0.0,0.0,0.0,0.0,0.0,0.0,0.0,0.0,0,0,0,0,0,0,1,0,0,0,0,4.9828,8.0438,2.01
173.53,303,5.0,2,33.89830508474576,15.25423728813559,50.84745762711864,0.0,0.0,0.0,0.0,0.0,0.0,0.0,0.0,0.0,0.0,0.0,0.0,0,0,0,0,0,0,1,0,0,0,0,4.9901,8.0482,2.06
173.68,303,5.0,2,33.89830508474576,15.25423728813559,50.84745762711864,0.0,0.0,0.0,0.0,0.0,0.0,0.0,0.0,0.0,0.0,0.0,0.0,0,0,0,0,0,0,1,0,0,0,0,4.9918,8.0495,2.09
173.73,303,5.0,2,33.89830508474576,15.25423728813559,50.84745762711864,0.0,0.0,0.0,0.0,0.0,0.0,0.0,0.0,0.0,0.0,0.0,0.0,0,0,0,0,0,0,1,0,0,0,0,4.9925,8.0499,2.06
174.25,303,5.0,2,33.89830508474576,15.25423728813559,50.84745762711864,0.0,0.0,0.0,0.0,0.0,0.0,0.0,0.0,0.0,0.0,0.0,0.0,0,0,0,0,0,0,1,0,0,0,0,4.9997,8.0505,1.79
171.98,298,3.0,1,20.79207920792079,0.9900990099009901,0.0,0.0,20.79207920792079,0.0,40.5940594059406,0.0,0.0,0.0,0.0,0.0,0.0,16.83168316831683,0.0,0,0,0,0,0,0,0,0,0,0,1,4.961,8.068,1.26
171.98,298,3.0,2,20.79207920792079,0.9900990099009901,0.0,0.0,20.79207920792079,0.0,40.5940594059406,0.0,0.0,0.0,0.0,0.0,0.0,16.83168316831683,0.0,0,0,0,0,0,0,0,0,0,0,1,4.961,8.068,1.23
173.31,298,3.0,1,20.58823529411764,6.666666666666667,0.0,0.0,20.58823529411764,0.0,29.01960784313726,0.0,0.0,0.0,0.0,0.0,0.0,23.13725490196078,0.0,0,0,0,0,0,0,0,0,0,0,1,4.974,8.088,1.58
173.31,298,3.0,2,20.58823529411764,6.666666666666667,0.0,0.0,20.58823529411764,0.0,29.01960784313726,0.0,0.0,0.0,0.0,0.0,0.0,23.13725490196078,0.0,0,0,0,0,0,0,0,0,0,0,1,4.974,8.088,1.54
175.18,298,3.0,1,20.38834951456311,13.00970873786408,0.0,0.0,20.38834951456311,0.0,16.89320388349514,0.0,0.0,0.0,0.0,0.0,0.0,29.32038834951457,0.0,0,0,0,0,0,0,0,0,0,0,1,4.989,8.126,1.64
175.18,298,3.0,2,20.38834951456311,13.00970873786408,0.0,0.0,20.38834951456311,0.0,16.89320388349514,0.0,0.0,0.0,0.0,0.0,0.0,29.32038834951457,0.0,0,0,0,0,0,0,0,0,0,0,1,4.989,8.126,1.61
177.06,298,3.0,1,20.19230769230769,17.30769230769231,0.0,0.0,20.19230769230769,0.0,4.134615384615384,0.0,0.0,0.0,0.0,0.0,0.0,38.17307692307693,0.0,0,0,0,0,0,0,0,0,0,0,1,5.005,8.16,1.66
177.06,298,3.0,2,20.19230769230769,17.30769230769231,0.0,0.0,20.19230769230769,0.0,4.134615384615384,0.0,0.0,0.0,0.0,0.0,0.0,38.17307692307693,0.0,0,0,0,0,0,0,0,0,0,0,1,5.005,8.16,1.69
171.98,303,3.0,1,20.79207920792079,0.9900990099009901,0.0,0.0,20.79207920792079,0.0,40.5940594059406,0.0,0.0,0.0,0.0,0.0,0.0,16.83168316831683,0.0,0,0,0,0,0,0,0,0,0,0,1,4.961,8.068,1.38
173.31,303,3.0,1,20.58823529411764,6.666666666666667,0.0,0.0,20.58823529411764,0.0,29.01960784313726,0.0,0.0,0.0,0.0,0.0,0.0,23.13725490196078,0.0,0,0,0,0,0,0,0,0,0,0,1,4.974,8.088,1.58
175.18,303,3.0,1,20.38834951456311,13.00970873786408,0.0,0.0,20.38834951456311,0.0,16.89320388349514,0.0,0.0,0.0,0.0,0.0,0.0,29.32038834951457,0.0,0,0,0,0,0,0,0,0,0,0,1,4.989,8.126,1.67
177.06,303,3.0,1,20.19230769230769,17.30769230769231,0.0,0.0,20.19230769230769,0.0,4.134615384615384,0.0,0.0,0.0,0.0,0.0,0.0,38.17307692307693,0.0,0,0,0,0,0,0,0,0,0,0,1,5.005,8.16,1.68
171.98,303,3.0,2,20.79207920792079,0.9900990099009901,0.0,0.0,20.79207920792079,0.0,40.5940594059406,0.0,0.0,0.0,0.0,0.0,0.0,16.83168316831683,0.0,0,0,0,0,0,0,0,0,0,0,1,4.961,8.068,1.12
173.31,303,3.0,2,20.58823529411764,6.666666666666667,0.0,0.0,20.58823529411764,0.0,29.01960784313726,0.0,0.0,0.0,0.0,0.0,0.0,23.13725490196078,0.0,0,0,0,0,0,0,0,0,0,0,1,4.974,8.088,1.1
175.18,303,3.0,2,20.38834951456311,13.00970873786408,0.0,0.0,20.38834951456311,0.0,16.89320388349514,0.0,0.0,0.0,0.0,0.0,0.0,29.32038834951457,0.0,0,0,0,0,0,0,0,0,0,0,1,4.989,8.126,0.91
177.06,303,3.0,2,20.19230769230769,17.30769230769231,0.0,0.0,20.19230769230769,0.0,4.134615384615384,0.0,0.0,0.0,0.0,0.0,0.0,38.17307692307693,0.0,0,0,0,0,0,0,0,0,0,0,1,5.005,8.16,0.56
171.98,298,3.0,1,20.79207920792079,0.9900990099009901,0.0,0.0,20.79207920792079,0.0,40.5940594059406,0.0,0.0,0.0,0.0,0.0,0.0,16.83168316831683,0.0,0,0,0,0,0,0,0,0,0,0,1,4.961,8.068,1.37
177.06,298,3.0,1,20.19230769230769,17.30769230769231,0.0,0.0,20.19230769230769,0.0,4.134615384615384,0.0,0.0,0.0,0.0,0.0,0.0,38.17307692307693,0.0,0,0,0,0,0,0,0,0,0,0,1,5.005,8.16,1.72
171.98,298,3.0,2,20.79207920792079,0.9900990099009901,0.0,0.0,20.79207920792079,0.0,40.5940594059406,0.0,0.0,0.0,0.0,0.0,0.0,16.83168316831683,0.0,0,0,0,0,0,0,0,0,0,0,1,4.961,8.068,1.2
165.57,288,6.0,1,32.25806451612903,0.0,38.70967741935484,0.0,3.225806451612903,25.80645161290322,0.0,0.0,0.0,0.0,0.0,0.0,0.0,0.0,0.0,0,0,0,0,0,0,0,0,0,0,0,4.883,8.0181,1.78
165.57,288,6.0,5,32.25806451612903,0.0,38.70967741935484,0.0,3.225806451612903,25.80645161290322,0.0,0.0,0.0,0.0,0.0,0.0,0.0,0.0,0.0,0,0,0,0,0,0,0,0,0,0,0,4.883,8.0181,1.78
165.83,288,6.0,3,32.25806451612903,0.0,35.48387096774194,0.0,3.225806451612903,29.03225806451613,0.0,0.0,0.0,0.0,0.0,0.0,0.0,0.0,0.0,0,0,0,0,0,0,0,0,0,0,0,4.8873,8.0196,1.81
166.16,288,6.0,3,32.25806451612903,0.0,32.25806451612903,0.0,3.225806451612903,32.25806451612903,0.0,0.0,0.0,0.0,0.0,0.0,0.0,0.0,0.0,0,0,0,0,0,0,0,0,0,0,0,4.89,8.0235,1.83
166.55,288,6.0,3,32.25806451612903,0.0,29.03225806451613,0.0,3.225806451612903,35.48387096774194,0.0,0.0,0.0,0.0,0.0,0.0,0.0,0.0,0.0,0,0,0,0,0,0,0,0,0,0,0,4.8929,8.0329,1.85
166.93,288,6.0,3,32.25806451612903,0.0,25.80645161290322,0.0,3.225806451612903,38.70967741935484,0.0,0.0,0.0,0.0,0.0,0.0,0.0,0.0,0.0,0,0,0,0,0,0,0,0,0,0,0,4.8953,8.0437,1.74
165.02,288,7.0,4,33.87096774193549,0.0,32.25806451612903,0.0,1.612903225806452,32.25806451612903,0.0,0.0,0.0,0.0,0.0,0.0,0.0,0.0,0.0,0,0,0,0,0,1,0,0,0,0,0,4.8796,7.9985,1.76
166.16,288,6.0,3,32.25806451612903,0.0,32.25806451612903,0.0,3.225806451612903,32.25806451612903,0.0,0.0,0.0,0.0,0.0,0.0,0.0,0.0,0.0,0,0,0,0,0,1,0,0,0,0,0,4.891,8.0225,1.83
167.7,288,6.0,3,30.64516129032258,0.0,32.25806451612903,0.0,4.838709677419355,32.25806451612903,0.0,0.0,0.0,0.0,0.0,0.0,0.0,0.0,0.0,0,0,0,0,0,1,0,0,0,0,0,4.9006,8.0344,1.9
168.27,288,6.0,3,29.03225806451613,0.0,32.25806451612903,0.0,6.451612903225806,32.25806451612903,0.0,0.0,0.0,0.0,0.0,0.0,0.0,0.0,0.0,0,0,0,0,0,1,0,0,0,0,0,4.9119,8.0534,2.02
167.72,288,6.0,1,32.25806451612903,6.451612903225806,32.25806451612903,0.0,3.225806451612903,25.80645161290322,0.0,0.0,0.0,0.0,0.0,0.0,0.0,0.0,0.0,0,0,0,0,1,0,0,0,0,0,0,4.9078,8.0402,2.04
165.68,288,6.0,1,32.25806451612903,0.0,32.25806451612903,0.0,3.225806451612903,25.80645161290322,6.451612903225806,0.0,0.0,0.0,0.0,0.0,0.0,0.0,0.0,0,1,0,0,0,0,0,0,0,0,0,4.8837,8.0212,1.79
166.28,288,6.0,1,32.25806451612903,0.0,32.25806451612903,0.0,3.225806451612903,25.80645161290322,0.0,0.0,0.0,0.0,0.0,0.0,0.0,6.451612903225806,0.0,0,0,0,1,0,0,0,0,0,0,0,4.8912,8.0259,1.86
166.8,288,6.0,1,32.25806451612903,0.0,32.25806451612903,0.0,3.225806451612903,25.80645161290322,0.0,0.0,6.451612903225806,0.0,0.0,0.0,0.0,0.0,0.0,1,0,0,0,0,0,0,0,0,0,0,4.8971,8.0315,1.88
168.07,298,4.0,2,31.66666666666666,6.666666666666667,46.66666666666666,0.0,5.0,6.666666666666667,0.0,0.0,0.0,0.0,0.0,0.0,0.0,0.0,3.333333333333333,0,0,1,0,1,0,0,0,0,0,0,4.9119,8.0439,2.01
167.8,298,4.0,2,30.64516129032258,6.451612903225806,48.38709677419354,0.0,4.838709677419355,6.451612903225806,0.0,0.0,0.0,0.0,0.0,0.0,0.0,0.0,3.225806451612903,0,0,1,0,1,0,0,0,0,0,0,4.9088,8.0412,1.97
167.74,298,4.0,2,29.68749999999999,6.25,50.0,0.0,4.687499999999999,6.25,0.0,0.0,0.0,0.0,0.0,0.0,0.0,0.0,3.125,0,0,1,0,1,0,0,0,0,0,0,4.9077,8.0414,1.96
175.3,298,5.0,2,38.0,29.0,8.0,0.0,3.0,10.0,12.0,0.0,0.0,0.0,0.0,0.0,0.0,0.0,0.0,0,0,0,0,0,1,0,0,0,0,1,4.992,8.13,3.19
177.8,298,5.0,2,38.0,27.0,8.0,0.0,5.0,10.0,12.0,0.0,0.0,0.0,0.0,0.0,0.0,0.0,0.0,0,0,0,0,0,1,0,0,0,0,1,5.016,8.161,3.06
179.6,298,5.0,2,38.0,25.0,8.0,0.0,7.000000000000001,10.0,12.0,0.0,0.0,0.0,0.0,0.0,0.0,0.0,0.0,0,0,0,0,0,1,0,0,0,0,1,5.035,8.18,2.92
181.4,298,5.0,2,38.0,23.0,8.0,0.0,9.0,10.0,12.0,0.0,0.0,0.0,0.0,0.0,0.0,0.0,0.0,0,0,0,0,0,1,0,0,0,0,1,5.052,8.195,2.73
