Unit_Cell_Volume_A3,Test_Temperature_K,Initial_Hydrogen_Pressure_MPa,Hydrogen_Absorption_Cycles,Lattice_Constant_A,Element_at_pct_Al,Element_at_pct_Ce,Element_at_pct_Co,Element_at_pct_Cr,Element_at_pct_Fe,Element_at_pct_H,Element_at_pct_Mn,Element_at_pct_Nb,Element_at_pct_Ni,Element_at_pct_T,Element_at_pct_Ti,Element_at_pct_V,Element_at_pct_Y,Element_at_pct_Zr,Additive_Al,Additive_Ce,Additive_H,Additive_Ni,Additive_Ti,Additive_Zr,Second_Phase_Al,Second_Phase_C14_Laves,Second_Phase_C15,Second_Phase_C15_Laves,Second_Phase_Ce,Second_Phase_CeO2,Second_Phase_LiAlH4,Second_Phase_Li3AlH6,Second_Phase_TiNi,Second_Phase_Ti2AlC,Max_H2_Uptake_wt_pct
30.4,303,3.0,2,3.12,0.0,0.0,0.0,10.0,10.0,0.0,0.0,20.0,0.0,0.0,30.0,30.0,0.0,0.0,0.0,0.0,0.0,0.0,0.0,0.0,0.0,0.0,0.0,0.0,0.0,0.0,0.0,0.0,0.0,0.0,2.2
31.9,303,3.0,2,3.17,0.0,0.0,0.0,5.0,5.0,0.0,0.0,20.0,0.0,0.0,35.0,35.0,0.0,0.0,0.0,0.0,0.0,0.0,0.0,0.0,0.0,0.0,0.0,0.0,0.0,0.0,0.0,0.0,0.0,0.0,3.1
30.4,333,3.0,2,3.12,0.0,0.0,0.0,10.0,10.0,0.0,0.0,20.0,0.0,0.0,30.0,30.0,0.0,0.0,0.0,0.0,0.0,0.0,0.0,0.0,0.0,0.0,0.0,0.0,0.0,0.0,0.0,0.0,0.0,0.0,1.95
30.4,363,3.0,2,3.12,0.0,0.0,0.0,10.0,10.0,0.0,0.0,20.0,0.0,0.0,30.0,30.0,0.0,0.0,0.0,0.0,0.0,0.0,0.0,0.0,0.0,0.0,0.0,0.0,0.0,0.0,0.0,0.0,0.0,0.0,1.65
31.9,333,3.0,2,3.17,0.0,0.0,0.0,5.0,5.0,0.0,0.0,20.0,0.0,0.0,35.0,35.0,0.0,0.0,0.0,0.0,0.0,0.0,0.0,0.0,0.0,0.0,0.0,0.0,0.0,0.0,0.0,0.0,0.0,0.0,2.75
31.9,363,3.0,2,3.17,0.0,0.0,0.0,5.0,5.0,0.0,0.0,20.0,0.0,0.0,35.0,35.0,0.0,0.0,0.0,0.0,0.0,0.0,0.0,0.0,0.0,0.0,0.0,0.0,0.0,0.0,0.0,0.0,0.0,0.0,2.45
26.16,303,2.5,2,2.9683,0.3,0.0,1.4,13.21,2.7,0.0,6.91,0.0,15.72,0.0,13.61,44.04,0.0,2.1,0.0,0.0,0.0,0.0,0.0,0.0,0.0,1.0,0.0,0.0,0.0,0.0,0.0,0.0,0.0,0.0,1.08
26.33,303,5.0,2,2.9751,0.3,0.0,1.4,11.21,2.7,0.0,6.91,0.0,15.72,0.0,15.62,44.04,0.0,2.1,0.0,0.0,0.0,0.0,0.0,0.0,0.0,1.0,0.0,0.0,0.0,0.0,0.0,0.0,0.0,0.0,1.63
26.56,303,5.0,2,2.9835,0.3,0.0,1.4,9.21,2.7,0.0,6.91,0.0,15.72,0.0,17.62,44.04,0.0,2.1,0.0,0.0,0.0,0.0,0.0,0.0,0.0,1.0,0.0,0.0,0.0,0.0,0.0,0.0,0.0,0.0,1.69
26.7,303,5.0,2,2.9888,0.3,0.0,1.4,7.21,2.7,0.0,6.91,0.0,15.72,0.0,19.62,44.04,0.0,2.1,0.0,0.0,0.0,0.0,0.0,0.0,0.0,1.0,0.0,0.0,0.0,0.0,0.0,0.0,0.0,0.0,1.72
27.09,303,5.0,2,3.0034,0.3,0.0,1.4,5.21,2.7,0.0,6.91,0.0,15.72,0.0,21.62,44.04,0.0,2.1,0.0,0.0,0.0,0.0,0.0,0.0,0.0,1.0,0.0,0.0,0.0,0.0,0.0,0.0,0.0,0.0,1.81
27.27,303,5.0,2,3.01,0.3,0.0,1.4,3.2,2.7,0.0,6.91,0.0,15.72,0.0,23.62,44.04,0.0,2.1,0.0,0.0,0.0,0.0,0.0,0.0,0.0,1.0,0.0,0.0,0.0,0.0,0.0,0.0,0.0,0.0,1.85
27.44,303,5.0,2,3.0165,0.3,0.0,1.4,1.2,2.7,0.0,6.91,0.0,15.72,0.0,25.63,44.04,0.0,2.1,0.0,0.0,0.0,0.0,0.0,0.0,0.0,1.0,0.0,0.0,0.0,0.0,0.0,0.0,0.0,0.0,1.86
28.48,303,3.0,1,3.054,0.0,0.0,0.0,0.0,0.0,0.0,23.0,0.0,0.0,0.0,37.0,40.0,0.0,0.0,0.0,0.0,0.0,0.0,0.0,0.0,0.0,0.0,0.0,0.0,0.0,0.0,0.0,0.0,0.0,0.0,3.1
28.48,333,3.0,1,3.054,0.0,0.0,0.0,0.0,0.0,0.0,23.0,0.0,0.0,0.0,37.0,40.0,0.0,0.0,0.0,0.0,0.0,0.0,0.0,0.0,0.0,0.0,0.0,0.0,0.0,0.0,0.0,0.0,0.0,0.0,2.57
28.48,363,3.0,1,3.054,0.0,0.0,0.0,0.0,0.0,0.0,23.0,0.0,0.0,0.0,37.0,40.0,0.0,0.0,0.0,0.0,0.0,0.0,0.0,0.0,0.0,0.0,0.0,0.0,0.0,0.0,0.0,0.0,0.0,0.0,2.37
28.87,303,3.0,1,3.068,0.0,0.0,0.0,0.0,0.0,0.0,13.84,0.0,21.91,0.0,22.26,24.07,0.0,17.93,0.0,0.0,0.0,1.0,0.0,1.0,0.0,1.0,0.0,0.0,0.0,0.0,0.0,0.0,0.0,0.0,2.85
28.87,333,3.0,1,3.068,0.0,0.0,0.0,0.0,0.0,0.0,13.84,0.0,21.91,0.0,22.26,24.07,0.0,17.93,0.0,0.0,0.0,1.0,0.0,1.0,0.0,1.0,0.0,0.0,0.0,0.0,0.0,0.0,0.0,0.0,2.27
28.87,363,3.0,1,3.068,0.0,0.0,0.0,0.0,0.0,0.0,13.84,0.0,21.91,0.0,22.26,24.07,0.0,17.93,0.0,0.0,0.0,1.0,0.0,1.0,0.0,1.0,0.0,0.0,0.0,0.0,0.0,0.0,0.0,0.0,2.04
28.68,303,3.0,1,3.061,0.0,0.0,0.0,0.0,0.0,0.0,13.47,0.0,24.38,0.0,21.66,23.42,0.0,17.07,0.0,0.0,0.0,1.0,0.0,1.0,0.0,1.0,0.0,0.0,0.0,0.0,0.0,0.0,0.0,0.0,2.95
28.68,333,3.0,1,3.061,0.0,0.0,0.0,0.0,0.0,0.0,13.47,0.0,24.38,0.0,21.66,23.42,0.0,17.07,0.0,0.0,0.0,1.0,0.0,1.0,0.0,1.0,0.0,0.0,0.0,0.0,0.0,0.0,0.0,0.0,2.34
28.68,363,3.0,1,3.061,0.0,0.0,0.0,0.0,0.0,0.0,13.47,0.0,24.38,0.0,21.66,23.42,0.0,17.07,0.0,0.0,0.0,1.0,0.0,1.0,0.0,1.0,0.0,0.0,0.0,0.0,0.0,0.0,0.0,0.0,2.07
28.6,303,3.0,1,3.058,0.0,0.0,0.0,0.0,0.0,0.0,13.85,0.0,28.8,0.0,22.29,24.09,0.0,10.97,0.0,0.0,0.0,1.0,0.0,1.0,0.0,1.0,0.0,0.0,0.0,0.0,0.0,0.0,0.0,0.0,3.03
28.6,333,3.0,1,3.058,0.0,0.0,0.0,0.0,0.0,0.0,13.85,0.0,28.8,0.0,22.29,24.09,0.0,10.97,0.0,0.0,0.0,1.0,0.0,1.0,0.0,1.0,0.0,0.0,0.0,0.0,0.0,0.0,0.0,0.0,2.41
28.6,363,3.0,1,3.058,0.0,0.0,0.0,0.0,0.0,0.0,13.85,0.0,28.8,0.0,22.29,24.09,0.0,10.97,0.0,0.0,0.0,1.0,0.0,1.0,0.0,1.0,0.0,0.0,0.0,0.0,0.0,0.0,0.0,0.0,2.02
28.48,303,3.0,1,3.054,0.0,0.0,0.0,0.0,0.0,0.0,13.85,0.0,28.8,0.0,22.29,24.09,0.0,10.97,0.0,0.0,0.0,1.0,0.0,1.0,0.0,1.0,0.0,0.0,0.0,0.0,0.0,0.0,0.0,0.0,3.03
28.48,333,3.0,1,3.054,0.0,0.0,0.0,0.0,0.0,0.0,13.85,0.0,28.8,0.0,22.29,24.09,0.0,10.97,0.0,0.0,0.0,1.0,0.0,1.0,0.0,1.0,0.0,0.0,0.0,0.0,0.0,0.0,0.0,0.0,2.41
28.48,363,3.0,1,3.054,0.0,0.0,0.0,0.0,0.0,0.0,13.85,0.0,28.8,0.0,22.29,24.09,0.0,10.97,0.0,0.0,0.0,1.0,0.0,1.0,0.0,1.0,0.0,0.0,0.0,0.0,0.0,0.0,0.0,0.0,2.02
28.48,303,3.0,1,3.054,0.0,0.0,0.0,0.0,0.0,0.0,13.85,0.0,28.8,0.0,22.29,24.09,0.0,10.97,0.0,0.0,0.0,1.0,0.0,1.0,0.0,1.0,0.0,0.0,0.0,0.0,0.0,0.0,0.0,0.0,2.96
28.48,333,3.0,1,3.054,0.0,0.0,0.0,0.0,0.0,0.0,13.85,0.0,28.8,0.0,22.29,24.09,0.0,10.97,0.0,0.0,0.0,1.0,0.0,1.0,0.0,1.0,0.0,0.0,0.0,0.0,0.0,0.0,0.0,0.0,2.39
28.48,363,3.0,1,3.054,0.0,0.0,0.0,0.0,0.0,0.0,13.85,0.0,28.8,0.0,22.29,24.09,0.0,10.97,0.0,0.0,0.0,1.0,0.0,1.0,0.0,1.0,0.0,0.0,0.0,0.0,0.0,0.0,0.0,0.0,2.0
28.48,303,3.0,1,3.054,0.0,0.0,0.0,0.0,0.0,0.0,13.85,0.0,28.8,0.0,22.29,24.09,0.0,10.97,0.0,0.0,0.0,1.0,0.0,1.0,0.0,1.0,0.0,0.0,0.0,0.0,0.0,0.0,0.0,0.0,2.81
28.48,333,3.0,1,3.054,0.0,0.0,0.0,0.0,0.0,0.0,13.85,0.0,28.8,0.0,22.29,24.09,0.0,10.97,0.0,0.0,0.0,1.0,0.0,1.0,0.0,1.0,0.0,0.0,0.0,0.0,0.0,0.0,0.0,0.0,2.32
28.48,363,3.0,1,3.054,0.0,0.0,0.0,0.0,0.0,0.0,13.85,0.0,28.8,0.0,22.29,24.09,0.0,10.97,0.0,0.0,0.0,1.0,0.0,1.0,0.0,1.0,0.0,0.0,0.0,0.0,0.0,0.0,0.0,0.0,1.95
28.32,303,3.0,1,3.048,0.0,0.0,0.0,0.0,0.0,0.0,13.85,0.0,28.8,0.0,22.29,24.09,0.0,10.97,0.0,0.0,0.0,1.0,0.0,1.0,0.0,1.0,0.0,0.0,0.0,0.0,0.0,0.0,0.0,0.0,3.04
28.32,333,3.0,1,3.048,0.0,0.0,0.0,0.0,0.0,0.0,13.85,0.0,28.8,0.0,22.29,24.09,0.0,10.97,0.0,0.0,0.0,1.0,0.0,1.0,0.0,1.0,0.0,0.0,0.0,0.0,0.0,0.0,0.0,0.0,2.72
28.32,363,3.0,1,3.048,0.0,0.0,0.0,0.0,0.0,0.0,13.85,0.0,28.8,0.0,22.29,24.09,0.0,10.97,0.0,0.0,0.0,1.0,0.0,1.0,0.0,1.0,0.0,0.0,0.0,0.0,0.0,0.0,0.0,0.0,2.13
28.15,303,3.0,1,3.042,0.0,0.0,0.0,0.0,0.0,0.0,13.85,0.0,28.8,0.0,22.29,24.09,0.0,10.97,0.0,0.0,0.0,1.0,0.0,1.0,0.0,1.0,0.0,0.0,0.0,0.0,0.0,0.0,0.0,0.0,3.05
28.15,333,3.0,1,3.042,0.0,0.0,0.0,0.0,0.0,0.0,13.85,0.0,28.8,0.0,22.29,24.09,0.0,10.97,0.0,0.0,0.0,1.0,0.0,1.0,0.0,1.0,0.0,0.0,0.0,0.0,0.0,0.0,0.0,0.0,2.57
28.15,363,3.0,1,3.042,0.0,0.0,0.0,0.0,0.0,0.0,13.85,0.0,28.8,0.0,22.29,24.09,0.0,10.97,0.0,0.0,0.0,1.0,0.0,1.0,0.0,1.0,0.0,0.0,0.0,0.0,0.0,0.0,0.0,0.0,2.5
28.23,303,3.0,1,3.045,0.0,0.0,0.0,0.0,0.0,0.0,13.85,0.0,28.8,0.0,22.29,24.09,0.0,10.97,0.0,0.0,0.0,1.0,0.0,1.0,0.0,1.0,0.0,0.0,0.0,0.0,0.0,0.0,0.0,0.0,3.06
28.23,333,3.0,1,3.045,0.0,0.0,0.0,0.0,0.0,0.0,13.85,0.0,28.8,0.0,22.29,24.09,0.0,10.97,0.0,0.0,0.0,1.0,0.0,1.0,0.0,1.0,0.0,0.0,0.0,0.0,0.0,0.0,0.0,0.0,2.79
26.81,383,3.5,2,2.993,0.0,0.98,0.0,0.0,39.02,0.0,7.32,0.0,0.0,0.0,52.68,0.0,0.0,0.0,0.0,0.0,0.0,0.0,0.0,0.0,0.0,1.0,0.0,0.0,0.0,0.0,0.0,0.0,1.0,0.0,0.87
26.2,303,5.0,2,2.9703,0.3,0.0,1.4,12.21,2.7,0.0,6.91,0.0,15.72,0.0,14.61,44.04,0.0,2.1,0.0,0.0,0.0,0.0,0.0,0.0,0.0,1.0,0.0,0.0,0.0,0.0,0.0,0.0,1.0,0.0,1.65
26.29,303,5.0,2,2.9733,0.3,0.0,1.4,11.21,2.7,0.0,6.91,0.0,15.72,0.0,15.62,44.04,0.0,2.1,0.0,0.0,0.0,0.0,0.0,0.0,0.0,1.0,0.0,0.0,0.0,0.0,0.0,0.0,1.0,0.0,1.69
26.4,303,5.0,2,2.9776,0.3,0.0,1.4,10.21,2.7,0.0,6.91,0.0,15.72,0.0,16.62,44.04,0.0,2.1,0.0,0.0,0.0,0.0,0.0,0.0,0.0,1.0,0.0,0.0,0.0,0.0,0.0,0.0,1.0,0.0,1.7
26.37,303,5.0,2,2.9765,0.3,0.0,1.4,11.2,0.0,0.0,6.9,0.0,18.5,0.0,15.6,44.0,0.0,2.1,0.0,0.0,0.0,0.0,0.0,0.0,0.0,1.0,0.0,0.0,0.0,0.0,0.0,0.0,1.0,0.0,1.68
26.35,303,5.0,2,2.9758,0.3,0.0,0.0,11.21,2.7,0.0,6.91,0.0,17.12,0.0,15.62,44.04,0.0,2.1,0.0,0.0,0.0,0.0,0.0,0.0,0.0,1.0,0.0,0.0,0.0,0.0,0.0,0.0,1.0,0.0,1.71
26.4,303,5.0,2,2.9775,0.3,0.0,1.4,11.21,2.7,0.0,4.9,0.0,17.72,0.0,15.62,44.04,0.0,2.1,0.0,0.0,0.0,0.0,0.0,0.0,0.0,0.0,0.0,0.0,0.0,0.0,0.0,0.0,1.0,0.0,1.72
26.26,303,5.0,2,2.9723,0.3,0.0,1.4,11.22,2.71,0.0,6.91,0.0,17.74,0.0,15.63,44.09,0.0,0.0,0.0,0.0,0.0,0.0,0.0,0.0,0.0,1.0,0.0,0.0,0.0,0.0,0.0,0.0,1.0,0.0,1.78
28.27,373,5.0,1,3.0462,0.0,0.0,0.0,15.0,0.0,0.0,30.0,0.0,0.0,0.0,0.0,55.0,0.0,0.0,0.0,0.0,0.0,0.0,0.0,0.0,0.0,1.0,0.0,0.0,0.0,0.0,0.0,0.0,0.0,0.0,3.698
28.27,373,5.0,2,3.0462,0.0,0.0,0.0,15.0,0.0,0.0,30.0,0.0,0.0,0.0,0.0,55.0,0.0,0.0,0.0,0.0,0.0,0.0,0.0,0.0,0.0,1.0,0.0,0.0,0.0,0.0,0.0,0.0,0.0,0.0,2.5
28.27,273,5.0,2,3.0462,0.0,0.0,0.0,15.0,0.0,0.0,30.0,0.0,0.0,0.0,0.0,55.0,0.0,0.0,0.0,0.0,0.0,0.0,0.0,0.0,0.0,1.0,0.0,0.0,0.0,0.0,0.0,0.0,0.0,0.0,0.314
28.27,323,5.0,2,3.0462,0.0,0.0,0.0,15.0,0.0,0.0,30.0,0.0,0.0,0.0,0.0,55.0,0.0,0.0,0.0,0.0,0.0,0.0,0.0,0.0,0.0,1.0,0.0,0.0,0.0,0.0,0.0,0.0,0.0,0.0,0.924
28.27,423,5.0,2,3.0462,0.0,0.0,0.0,15.0,0.0,0.0,30.0,0.0,0.0,0.0,0.0,55.0,0.0,0.0,0.0,0.0,0.0,0.0,0.0,0.0,1.0,1.0,0.0,0.0,0.0,0.0,0.0,0.0,0.0,0.0,2.122
28.57,298,5.0,1,3.057,0.0,0.0,0.0,5.71,0.0,61.95,11.41,0.0,0.0,0.0,0.0,20.93,0.0,0.0,0.0,0.0,1.0,0.0,0.0,0.0,1.0,1.0,0.0,0.0,0.0,0.0,0.0,0.0,0.0,0.0,3.138
28.57,298,5.0,2,3.057,0.0,0.0,0.0,5.71,0.0,61.95,11.41,0.0,0.0,0.0,0.0,20.93,0.0,0.0,0.0,0.0,1.0,0.0,0.0,0.0,1.0,1.0,0.0,0.0,0.0,0.0,0.0,0.0,0.0,0.0,1.721
28.32,298,5.0,1,3.048,0.0,0.0,0.0,5.18,0.0,65.44,10.37,0.0,0.0,0.0,0.0,19.01,0.0,0.0,0.0,0.0,1.0,0.0,0.0,0.0,1.0,1.0,0.0,0.0,0.0,0.0,0.0,0.0,0.0,0.0,2.941
28.32,298,5.0,2,3.048,0.0,0.0,0.0,5.18,0.0,65.44,10.37,0.0,0.0,0.0,0.0,19.01,0.0,0.0,0.0,0.0,1.0,0.0,0.0,0.0,1.0,1.0,0.0,0.0,0.0,0.0,0.0,0.0,0.0,0.0,1.096
28.32,373,5.0,2,3.048,0.0,0.0,0.0,5.18,0.0,65.44,10.37,0.0,0.0,0.0,0.0,19.01,0.0,0.0,0.0,0.0,1.0,0.0,0.0,0.0,1.0,1.0,0.0,0.0,0.0,0.0,0.0,0.0,0.0,0.0,2.091
28.29,298,5.0,1,3.047,0.0,0.0,0.0,4.73,0.0,68.44,9.47,0.0,0.0,0.0,0.0,17.36,0.0,0.0,0.0,0.0,1.0,0.0,0.0,0.0,1.0,1.0,0.0,0.0,0.0,0.0,0.0,0.0,0.0,0.0,2.924
28.29,298,5.0,2,3.047,0.0,0.0,0.0,4.73,0.0,68.44,9.47,0.0,0.0,0.0,0.0,17.36,0.0,0.0,0.0,0.0,1.0,0.0,0.0,0.0,1.0,1.0,0.0,0.0,0.0,0.0,1.0,1.0,0.0,0.0,0.708
28.46,273,5.0,2,3.052,0.0,0.0,0.0,4.12,0.0,72.5,8.25,0.0,0.0,0.0,0.0,15.12,0.0,0.0,0.0,0.0,1.0,0.0,0.0,0.0,1.0,1.0,0.0,0.0,0.0,0.0,1.0,1.0,0.0,0.0,0.36
28.42,273,5.0,2,3.051,0.0,0.0,0.0,3.71,0.0,75.3,7.41,0.0,0.0,0.0,0.0,13.58,0.0,0.0,0.0,0.0,1.0,0.0,0.0,0.0,1.0,1.0,0.0,0.0,0.0,0.0,1.0,1.0,0.0,0.0,0.433
28.28,273,5.0,2,3.047,0.0,0.0,0.0,3.45,0.0,76.97,6.91,0.0,0.0,0.0,0.0,12.67,0.0,0.0,0.0,0.0,1.0,0.0,0.0,0.0,1.0,1.0,0.0,0.0,0.0,0.0,1.0,1.0,0.0,0.0,0.486
28.42,323,5.0,2,3.051,0.0,0.0,0.0,3.71,0.0,75.3,7.41,0.0,0.0,0.0,0.0,13.58,0.0,0.0,0.0,0.0,1.0,0.0,0.0,0.0,0.0,1.0,0.0,0.0,0.0,0.0,0.0,0.0,0.0,1.0,2.001
28.25,273,5.0,2,3.0457,0.0,0.0,0.0,7.08,0.0,0.0,14.16,0.0,0.0,0.0,52.81,25.95,0.0,0.0,0.0,0.0,0.0,0.0,1.0,0.0,0.0,1.0,0.0,0.0,0.0,0.0,0.0,0.0,0.0,1.0,0.479
28.16,273,5.0,2,3.0427,0.0,0.0,0.0,6.66,0.0,0.0,13.32,0.0,0.0,0.0,55.6,24.42,0.0,0.0,0.0,0.0,0.0,0.0,1.0,0.0,0.0,1.0,0.0,0.0,0.0,0.0,0.0,0.0,0.0,1.0,0.536
28.09,273,5.0,2,3.0396,0.0,0.0,0.0,6.25,0.0,0.0,12.49,0.0,0.0,0.0,58.35,22.91,0.0,0.0,0.0,0.0,0.0,0.0,1.0,0.0,0.0,1.0,0.0,0.0,0.0,0.0,0.0,0.0,0.0,1.0,0.539
31.5,297,2.0,1,3.158,0.0,0.0,0.0,5.56,0.0,0.0,0.0,31.48,0.0,0.0,31.48,31.48,0.0,0.0,0.0,0.0,0.0,0.0,0.0,0.0,0.0,0.0,0.0,0.0,0.0,0.0,0.0,0.0,0.0,0.0,3.0
31.5,297,2.0,2,3.158,0.0,0.0,0.0,5.56,0.0,0.0,0.0,31.48,0.0,0.0,31.48,31.48,0.0,0.0,0.0,0.0,0.0,0.0,0.0,0.0,0.0,0.0,0.0,0.0,0.0,0.0,0.0,0.0,0.0,0.0,2.8
30.43,297,2.0,1,3.122,0.0,0.0,0.0,10.0,0.0,0.0,0.0,30.0,0.0,0.0,30.0,30.0,0.0,0.0,0.0,0.0,0.0,0.0,0.0,0.0,0.0,0.0,0.0,0.0,0.0,0.0,0.0,0.0,0.0,0.0,2.9
30.43,297,2.0,2,3.122,0.0,0.0,0.0,10.0,0.0,0.0,0.0,30.0,0.0,0.0,30.0,30.0,0.0,0.0,0.0,0.0,0.0,0.0,0.0,0.0,0.0,0.0,0.0,0.0,0.0,0.0,0.0,0.0,0.0,0.0,2.7
29.94,297,2.0,1,3.105,0.0,0.0,0.0,15.22,0.0,0.0,0.0,28.26,0.0,0.0,28.26,28.26,0.0,0.0,0.0,0.0,0.0,0.0,0.0,0.0,0.0,0.0,0.0,0.0,0.0,0.0,0.0,0.0,0.0,0.0,2.8
29.94,297,2.0,2,3.105,0.0,0.0,0.0,15.22,0.0,0.0,0.0,28.26,0.0,0.0,28.26,28.26,0.0,0.0,0.0,0.0,0.0,0.0,0.0,0.0,0.0,0.0,0.0,0.0,0.0,0.0,0.0,0.0,0.0,0.0,2.8
33.1,298,3.8,1,3.211,0.0,0.0,0.0,0.0,0.0,0.0,0.0,33.33,0.0,0.0,33.33,33.33,0.0,0.0,0.0,0.0,0.0,0.0,0.0,0.0,0.0,0.0,0.0,0.0,0.0,0.0,0.0,0.0,0.0,0.0,3.2
87.69,298,3.0,1,4.443,0.0,0.0,0.0,0.0,0.0,100.0,0.0,0.0,0.0,0.0,0.0,0.0,0.0,0.0,0.0,0.0,0.0,0.0,0.0,0.0,0.0,0.0,0.0,0.0,0.0,0.0,0.0,0.0,0.0,0.0,3.2
86.23,298,3.0,1,4.418,6.0,0.0,0.0,0.0,0.0,36.88,0.0,19.04,0.0,0.0,19.04,19.04,0.0,0.0,1.0,0.0,0.0,0.0,0.0,0.0,0.0,0.0,0.0,0.0,0.0,0.0,0.0,0.0,0.0,0.0,2.96
32.86,298,3.2,10,3.203,6.64,0.0,0.0,0.0,0.0,0.0,0.0,31.12,0.0,0.0,31.12,31.12,0.0,0.0,1.0,0.0,0.0,0.0,0.0,0.0,0.0,0.0,0.0,0.0,0.0,0.0,0.0,0.0,0.0,0.0,2.83
83.79,298,2.5,1,4.376,12.05,0.0,0.0,0.0,0.0,32.6,0.0,18.45,0.0,0.0,18.45,18.45,0.0,0.0,1.0,0.0,0.0,0.0,0.0,0.0,0.0,0.0,0.0,0.0,0.0,0.0,0.0,0.0,0.0,0.0,2.6
32.68,298,3.2,10,3.197,13.21,0.0,0.0,0.0,0.0,0.0,0.0,28.93,0.0,0.0,28.93,28.93,0.0,0.0,1.0,0.0,0.0,0.0,0.0,0.0,0.0,0.0,0.0,0.0,0.0,0.0,0.0,0.0,0.0,0.0,2.55
32.58,298,3.8,1,3.194,22.95,0.0,0.0,0.0,0.0,0.0,0.0,25.68,0.0,0.0,25.68,25.68,0.0,0.0,1.0,0.0,0.0,0.0,0.0,0.0,0.0,0.0,0.0,0.0,0.0,0.0,0.0,0.0,0.0,0.0,1.41
35.27,298,3.8,1,3.279,21.67,0.0,0.0,0.0,0.0,19.31,0.0,19.67,0.0,0.0,19.67,19.67,0.0,0.0,1.0,0.0,0.0,0.0,0.0,0.0,0.0,0.0,0.0,0.0,0.0,0.0,0.0,0.0,0.0,0.0,1.41
32.43,298,3.8,1,3.189,32.5,0.0,0.0,0.0,0.0,0.0,0.0,22.5,0.0,0.0,22.5,22.5,0.0,0.0,1.0,0.0,0.0,0.0,0.0,0.0,0.0,0.0,0.0,0.0,0.0,0.0,0.0,0.0,0.0,0.0,1.25
33.54,298,3.0,1,3.225,30.88,0.0,0.0,0.0,0.0,16.22,0.0,17.63,0.0,0.0,17.63,17.63,0.0,0.0,1.0,0.0,0.0,0.0,0.0,0.0,0.0,0.0,0.0,0.0,0.0,0.0,0.0,0.0,0.0,0.0,1.25
30.59,303,2.5,1,3.128,0.0,0.0,0.0,25.0,0.0,0.0,0.0,0.0,0.0,0.0,50.0,25.0,0.0,0.0,0.0,0.0,0.0,0.0,0.0,0.0,0.0,0.0,0.0,0.0,0.0,0.0,0.0,0.0,0.0,0.0,0.0
30.59,303,2.5,5,3.128,0.0,0.0,0.0,25.0,0.0,0.0,0.0,0.0,0.0,0.0,50.0,25.0,0.0,0.0,0.0,0.0,0.0,0.0,0.0,0.0,0.0,0.0,0.0,1.0,0.0,0.0,0.0,0.0,0.0,0.0,3.6
30.62,303,2.5,1,3.129,0.0,0.0,0.0,23.75,0.0,0.0,0.0,0.0,0.0,0.0,42.75,23.75,0.0,9.75,0.0,0.0,0.0,0.0,0.0,1.0,0.0,0.0,0.0,1.0,0.0,0.0,0.0,0.0,0.0,0.0,2.04
30.76,303,2.5,1,3.133,0.0,0.0,0.0,23.25,0.0,0.0,0.0,0.0,0.0,0.0,39.99,23.25,0.0,13.51,0.0,0.0,0.0,0.0,0.0,1.0,0.0,0.0,0.0,1.0,0.0,0.0,0.0,0.0,0.0,0.0,2.7
30.76,303,2.5,10,3.133,0.0,0.0,0.0,23.25,0.0,0.0,0.0,0.0,0.0,0.0,39.99,23.25,0.0,13.51,0.0,0.0,0.0,0.0,0.0,1.0,0.0,0.0,0.0,0.0,1.0,1.0,0.0,0.0,0.0,0.0,1.95
30.51,303,2.5,1,3.125,0.0,5.91,0.0,24.25,0.0,0.0,0.0,0.0,0.0,0.0,45.59,24.25,0.0,0.0,0.0,1.0,0.0,0.0,0.0,0.0,0.0,0.0,0.0,0.0,1.0,1.0,0.0,0.0,0.0,0.0,3.29
26.51,303,4.0,2,2.982,0.0,0.0,0.0,0.0,80.0,0.0,20.0,0.0,0.0,0.0,0.0,0.0,0.0,0.0,0.0,0.0,0.0,0.0,0.0,0.0,0.0,0.0,0.0,0.0,0.0,0.0,0.0,0.0,0.0,0.0,1.58
34.67,298,2.5,2,3.261,0.0,0.0,0.0,0.0,0.0,0.0,0.0,27.5,0.0,0.0,32.5,27.5,0.0,12.5,0.0,0.0,0.0,0.0,0.0,0.0,0.0,0.0,0.0,0.0,0.0,0.0,0.0,0.0,0.0,0.0,2.7
34.67,298,2.5,20,3.261,0.0,0.0,0.0,0.0,0.0,0.0,0.0,27.5,0.0,0.0,32.5,27.5,0.0,12.5,0.0,0.0,0.0,0.0,0.0,0.0,0.0,0.0,0.0,0.0,0.0,0.0,0.0,0.0,0.0,0.0,2.25
34.24,298,2.5,1,3.247,19.0,0.0,0.0,0.0,0.0,0.0,0.0,22.5,0.0,0.0,27.0,22.5,0.0,9.0,1.0,0.0,0.0,0.0,0.0,0.0,0.0,0.0,0.0,0.0,0.0,0.0,0.0,0.0,0.0,0.0,2.6
28.31,298,4.0,3,3.0477,0.0,0.0,0.0,0.0,4.0,0.0,0.0,0.0,0.0,0.0,9.6,86.4,0.0,0.0,0.0,0.0,0.0,0.0,0.0,0.0,0.0,1.0,0.0,0.0,0.0,0.0,0.0,0.0,0.0,0.0,3.86
28.49,298,4.0,1,3.0543,0.0,0.0,0.0,0.0,4.31,0.0,1.61,0.0,0.0,0.0,0.97,93.0,0.0,0.11,0.0,0.0,0.0,0.0,0.0,0.0,0.0,0.0,0.0,0.0,0.0,0.0,0.0,0.0,0.0,0.0,3.61
40.67,473,1.0,1,3.4386,0.0,0.0,0.0,0.0,0.0,0.0,0.0,0.0,0.0,0.0,40.0,30.0,0.0,30.0,0.0,0.0,0.0,0.0,0.0,0.0,0.0,0.0,0.0,0.0,0.0,0.0,0.0,0.0,0.0,0.0,2.2
40.16,473,1.0,1,3.4245,0.0,0.0,0.0,0.0,0.0,0.0,0.0,0.0,0.0,0.0,40.0,35.0,0.0,25.0,0.0,0.0,0.0,0.0,0.0,0.0,0.0,0.0,0.0,0.0,0.0,0.0,0.0,0.0,0.0,0.0,2.4
40.37,473,1.0,1,3.4303,0.0,0.0,0.0,0.0,0.0,0.0,0.0,0.0,0.0,0.0,40.0,40.0,0.0,20.0,0.0,0.0,0.0,0.0,0.0,0.0,0.0,0.0,0.0,0.0,0.0,0.0,0.0,0.0,0.0,0.0,2.2
40.14,473,1.0,1,3.4239,0.0,0.0,0.0,0.0,0.0,0.0,0.0,0.0,0.0,0.0,40.0,45.0,0.0,15.0,0.0,0.0,0.0,0.0,0.0,0.0,0.0,0.0,0.0,0.0,0.0,0.0,0.0,0.0,0.0,0.0,2.46
28.07,298,5.0,2,3.039,0.0,0.0,0.0,10.0,14.0,0.0,6.0,0.0,0.0,0.0,35.0,35.0,0.0,0.0,0.0,0.0,0.0,0.0,0.0,0.0,0.0,1.0,0.0,0.0,0.0,0.0,0.0,0.0,0.0,0.0,3.51
28.12,298,5.0,2,3.041,0.0,0.0,0.0,10.0,12.0,0.0,8.0,0.0,0.0,0.0,35.0,35.0,0.0,0.0,0.0,0.0,0.0,0.0,0.0,0.0,0.0,1.0,0.0,0.0,0.0,0.0,0.0,0.0,0.0,0.0,3.6
28.15,298,5.0,2,3.042,0.0,0.0,0.0,10.0,10.0,0.0,10.0,0.0,0.0,0.0,35.0,35.0,0.0,0.0,0.0,0.0,0.0,0.0,0.0,0.0,0.0,1.0,0.0,0.0,0.0,0.0,0.0,0.0,0.0,0.0,3.67
28.22,298,5.0,2,3.044,0.0,0.0,0.0,10.0,8.0,0.0,12.0,0.0,0.0,0.0,35.0,35.0,0.0,0.0,0.0,0.0,0.0,0.0,0.0,0.0,0.0,1.0,0.0,0.0,0.0,0.0,0.0,0.0,0.0,0.0,3.73
28.27,298,5.0,2,3.046,0.0,0.0,0.0,10.0,6.0,0.0,14.0,0.0,0.0,0.0,35.0,35.0,0.0,0.0,0.0,0.0,0.0,0.0,0.0,0.0,0.0,1.0,0.0,0.0,0.0,0.0,0.0,0.0,0.0,0.0,3.79
28.32,298,5.0,2,3.048,0.0,0.0,0.0,10.0,12.0,0.0,8.0,0.0,0.0,0.0,38.0,32.0,0.0,0.0,0.0,0.0,0.0,0.0,0.0,0.0,0.0,1.0,0.0,0.0,0.0,0.0,0.0,0.0,0.0,0.0,3.22
28.49,298,5.0,2,3.054,0.0,0.0,0.0,10.0,12.0,0.0,8.0,0.0,0.0,0.0,41.0,29.0,0.0,0.0,0.0,0.0,0.0,0.0,0.0,0.0,0.0,1.0,0.0,0.0,0.0,0.0,0.0,0.0,0.0,0.0,3.15
28.71,298,5.0,2,3.062,0.0,0.0,0.0,10.0,12.0,0.0,8.0,0.0,0.0,0.0,44.0,26.0,0.0,0.0,0.0,0.0,0.0,0.0,0.0,0.0,0.0,1.0,0.0,0.0,0.0,0.0,0.0,0.0,0.0,0.0,3.18
28.97,298,5.0,2,3.071,0.0,0.0,0.0,10.0,12.0,0.0,8.0,0.0,0.0,0.0,47.0,23.0,0.0,0.0,0.0,0.0,0.0,0.0,0.0,0.0,0.0,1.0,0.0,0.0,0.0,0.0,0.0,0.0,0.0,0.0,3.12
30.48,298,2.0,1,3.1236,0.0,0.0,0.0,0.0,0.0,0.0,0.0,0.0,0.0,0.0,38.52,0.0,0.0,61.48,0.0,0.0,0.0,0.0,0.0,1.0,0.0,0.0,0.0,0.0,0.0,0.0,0.0,0.0,0.0,0.0,4.2
30.62,298,2.0,1,3.1286,0.0,0.0,0.0,0.0,0.0,0.0,0.0,0.0,0.0,0.0,38.01,0.0,0.0,61.99,0.0,0.0,0.0,0.0,0.0,1.0,0.0,0.0,0.0,0.0,0.0,0.0,0.0,0.0,0.0,0.0,4.1
30.51,298,2.0,1,3.1246,0.0,0.0,0.0,0.0,0.0,0.0,0.0,0.0,0.0,0.0,37.49,0.0,0.0,62.51,0.0,0.0,0.0,0.0,0.0,1.0,0.0,0.0,0.0,0.0,0.0,0.0,0.0,0.0,0.0,0.0,4.0
30.2,298,1.5,1,3.115,0.0,0.0,0.0,12.5,0.0,0.0,0.0,29.17,0.0,0.0,29.17,29.17,0.0,0.0,0.0,0.0,0.0,0.0,0.0,0.0,0.0,0.0,1.0,0.0,0.0,0.0,0.0,0.0,0.0,0.0,3.06
26.94,423,3.0,1,2.9976,0.0,0.0,0.0,0.0,27.9,0.0,7.97,0.0,16.29,0.0,43.05,0.0,0.8,3.99,0.0,0.0,0.0,1.0,0.0,0.0,0.0,0.0,0.0,0.0,0.0,0.0,0.0,0.0,0.0,0.0,1.645
26.94,303,1.5,2,2.9976,0.0,0.0,0.0,0.0,27.9,0.0,7.97,0.0,16.29,0.0,43.05,0.0,0.8,3.99,0.0,0.0,0.0,1.0,0.0,0.0,0.0,0.0,0.0,0.0,0.0,0.0,0.0,0.0,0.0,0.0,1.533
28.0,273,8.0,1,3.034,0.0,0.0,0.0,12.11,2.0,0.0,0.0,0.0,0.0,0.0,10.89,75.0,0.0,0.0,0.0,0.0,0.0,0.0,0.0,0.0,0.0,0.0,0.0,0.0,0.0,0.0,0.0,0.0,0.0,0.0,3.9
28.0,273,8.0,1,3.0305,1.0,0.0,0.0,11.99,1.98,0.0,0.0,0.0,0.0,0.0,10.78,74.25,0.0,0.0,1.0,0.0,0.0,0.0,0.0,0.0,0.0,0.0,0.0,0.0,0.0,0.0,0.0,0.0,0.0,0.0,3.82
28.0,273,8.0,1,3.0311,2.0,0.0,0.0,11.87,1.96,0.0,0.0,0.0,0.0,0.0,10.67,73.5,0.0,0.0,1.0,0.0,0.0,0.0,0.0,0.0,0.0,0.0,0.0,0.0,0.0,0.0,0.0,0.0,0.0,0.0,3.74
28.1,273,8.0,1,3.0325,3.0,0.0,0.0,11.63,1.92,0.0,0.0,0.0,0.0,0.96,10.46,72.03,0.0,0.0,1.0,0.0,0.0,0.0,0.0,0.0,0.0,0.0,0.0,0.0,0.0,0.0,0.0,0.0,0.0,0.0,3.52
28.1,273,8.0,1,3.0338,5.0,0.0,0.0,11.5,1.9,0.0,0.0,0.0,0.0,0.0,10.35,71.25,0.0,0.0,1.0,0.0,0.0,0.0,0.0,0.0,0.0,1.0,0.0,0.0,0.0,0.0,0.0,0.0,0.0,0.0,3.36
28.0,273,8.0,1,3.0306,0.0,0.0,0.0,12.11,2.0,0.0,0.0,0.0,0.0,0.0,10.89,75.0,0.0,0.0,0.0,0.0,0.0,0.0,0.0,0.0,0.0,0.0,0.0,0.0,0.0,0.0,0.0,0.0,0.0,0.0,3.7
27.8,273,8.0,1,3.0226,0.0,0.0,0.0,12.11,2.0,0.0,0.0,0.0,0.0,0.0,10.89,75.0,0.0,0.0,0.0,0.0,0.0,0.0,0.0,0.0,0.0,1.0,0.0,0.0,0.0,0.0,0.0,0.0,0.0,0.0,3.03
28.0,273,8.0,1,3.0302,0.0,2.0,0.0,11.87,1.96,0.0,0.0,0.0,0.0,0.0,10.67,73.5,0.0,0.0,0.0,1.0,0.0,0.0,0.0,0.0,0.0,0.0,0.0,0.0,0.0,0.0,0.0,0.0,0.0,0.0,3.73
28.1,273,8.0,1,3.0331,0.0,3.0,0.0,11.75,1.94,0.0,0.0,0.0,0.0,0.0,10.56,72.75,0.0,0.0,0.0,1.0,0.0,0.0,0.0,0.0,0.0,0.0,0.0,0.0,0.0,0.0,0.0,0.0,0.0,0.0,3.57
28.0,298,8.0,1,3.03,0.0,2.0,0.0,11.87,1.96,0.0,0.0,0.0,0.0,0.0,10.67,73.5,0.0,0.0,0.0,1.0,0.0,0.0,0.0,0.0,0.0,0.0,0.0,0.0,0.0,0.0,0.0,0.0,0.0,0.0,3.73
26.7,273,8.0,1,2.9873,0.0,3.0,0.0,11.75,1.94,0.0,0.0,0.0,0.0,0.0,10.56,72.75,0.0,0.0,0.0,1.0,0.0,0.0,0.0,0.0,0.0,0.0,0.0,0.0,0.0,0.0,0.0,0.0,0.0,0.0,1.28
